證券代號,證券名稱,成交股數,成交金額,開盤價,最高價,最低價,收盤價,漲跌價差,成交筆數
"0050","元大台灣50","9625538","1143739838","118.00","119.50","117.90","119.50","2.9500","10809"
"0051","元大中型100","23695","1248066","52.50","52.80","52.50","52.70","0.7000","127"
"0052","富邦科技","386618","38782188","99.30","100.85","99.30","100.85","2.5500","553"
"0053","元大電子","10072","580068","57.45","57.70","57.45","57.70","1.2000","972"
"0055","元大MSCI金融","731618","16665972","22.62","22.89","22.62","22.88","0.3300","625"
"0056","元大高股息","22462110","645570365","28.54","28.87","28.54","28.87","0.4400","8745"
"0057","富邦摩台","3745","313918","83.60","84.60","83.60","84.60","2.2000","738"
"0061","元大寶滬深","147163","2880482","19.63","19.69","19.55","19.69","0.1400","31"
"006203","元大MSCI台灣","7156","407189","56.90","57.30","56.90","57.30","1.6000","843"
"006204","永豐臺灣加權","33054","2549602","76.65","77.35","76.65","77.35","1.4500","920"
"006205","富邦上証","318978","10399015","32.55","32.67","32.53","32.56","0.2000","218"
"006206","元大上證50","8945","279223","31.30","31.30","31.21","31.25","0.2300","882"
"006207","FH滬深","36157","935098","25.82","25.90","25.82","25.85","0.2200","960"
"006208","富邦台50","2427189","166105648","67.90","68.75","67.85","68.75","1.6500","3246"
"00625K","富邦上証+R","","","","","","","0.0000",""
"00631L","元大台灣50正2","7522852","789733371","103.60","106.05","103.60","106.00","5.2500","3450"
"00632R","元大台灣50反1","299750980","1733653774","5.83","5.83","5.75","5.75","-0.1500","15860"
"00633L","富邦上証正2","4692999","198760481","42.37","42.66","41.96","42.04","0.1400","1045"
"00634R","富邦上証反1","893000","3916190","4.39","4.42","4.37","4.42","0.0000","59"
"00635U","期元大S&P黃金","345987","8152694","23.59","23.62","23.52","23.58","0.2600","209"
"00636","國泰中國A50","424434","9467980","22.39","22.39","22.20","22.24","0.0600","878"
"00636K","國泰中國A50+U","200","1486","7.43","7.43","7.43","7.43","0.0900","2"
"00637L","元大滬深300正2","40470903","678338651","16.75","16.89","16.60","16.63","0.0500","6378"
"00638R","元大滬深300反1","609175","5674496","9.35","9.36","9.28","9.35","-0.0600","49"
"00639","富邦深100","216527","3021240","13.81","14.00","13.81","13.90","0.1000","284"
"00640L","富邦日本正2","432500","12186395","27.95","28.24","27.95","28.21","0.4600","63"
"00641R","富邦日本反1","636000","6311330","9.96","9.98","9.91","9.91","-0.1100","87"
"00642U","期元大S&P石油","3918346","71489992","18.22","18.32","18.16","18.31","-0.4400","1423"
"00643","群益深証中小","460934","7679682","16.59","16.70","16.59","16.60","0.0800","997"
"00643K","群益深証中小+R","","","","","","","0.0000",""
"00645","富邦日本","140093","3593901","25.63","25.75","25.62","25.74","0.1500","36"
"00646","元大S&P500","1921500","73927895","38.33","38.51","38.33","38.47","0.1400","794"
"00647L","元大S&P500正2","195136","11735613","59.95","60.20","59.95","60.05","0.1000","58"
"00648R","元大S&P500反1","1173000","8342640","7.12","7.12","7.10","7.12","-0.0100","147"
"00650L","FH香港正2","2323120","35048529","15.10","15.29","14.95","15.00","0.0700","457"
"00651R","FH香港反1","113000","975480","8.60","8.70","8.56","8.70","0.0000","22"
"00652","富邦印度","257548","7449192","29.03","29.03","28.86","28.97","-0.1600","982"
"00653L","富邦印度正2","129195","5619875","43.90","44.01","43.30","43.49","0.0600","55"
"00654R","富邦印度反1","176100","1442072","8.20","8.21","8.18","8.18","-0.0600","61"
"00655L","國泰中國A50正2","1961320","59795536","30.47","30.74","30.20","30.27","0.1300","545"
"00656R","國泰中國A50反1","63000","524900","8.32","8.38","8.32","8.38","-0.0300","16"
"00657","國泰日經225","2942","95619","32.89","32.91","32.89","32.91","0.2000","932"
"00657K","國泰日經225+U","200","2194","10.97","10.97","10.97","10.97","0.0800","2"
"00660","元大歐洲50","16157","441795","27.34","27.42","27.34","27.42","0.1800","6"
"00661","元大日經225","18177","639932","35.06","35.22","35.06","35.22","0.0000","9"
"00662","富邦NASDAQ","918061","47355650","51.50","51.70","51.45","51.55","0.5000","574"
"00663L","國泰臺灣加權正2","69010","6534650","93.65","95.65","93.65","95.65","4.7000","37"
"00664R","國泰臺灣加權反1","18808343","123151735","6.60","6.61","6.52","6.52","-0.1800","1592"
"00665L","富邦恒生國企正2","5574000","54751200","9.82","9.99","9.71","9.74","0.0300","673"
"00666R","富邦恒生國企反1","154000","2320740","14.99","15.15","14.95","15.11","-0.0700","10"
"00668","國泰美國道瓊","16065","573096","35.61","35.69","35.61","35.69","-0.0300","26"
"00668K","國泰美國道瓊+U","300","3567","11.87","11.90","11.87","11.90","0.0200","3"
"00669R","國泰美國道瓊反1","2651100","21652306","8.17","8.18","8.16","8.16","-0.0200","168"
"00670L","富邦NASDAQ正2","2577897","199884656","77.30","77.70","77.30","77.55","1.3000","690"
"00671R","富邦NASDAQ反1","11536200","64889668","5.63","5.64","5.61","5.63","-0.0400","903"
"00673R","期元大S&P原油反1","51965892","448884114","8.65","8.68","8.60","8.61","0.1600","3587"
"00674R","期元大S&P黃金反1","1282260","16788473","13.09","13.11","13.06","13.10","-0.1400","281"
"00675L","富邦臺灣加權正2","1574926","64681364","40.64","41.53","40.62","41.50","1.9600","804"
"00676R","富邦臺灣加權反1","16832985","60438224","3.62","3.62","3.57","3.58","-0.0900","1027"
"00678","群益NBI生技","82972","2074280","24.91","25.07","24.91","25.01","0.5200","1005"
"00680L","元大美債20正2","639400","10208260","16.10","16.10","15.91","15.94","-0.0500","146"
"00681R","元大美債20反1","237000","3812030","16.07","16.09","16.06","16.09","-0.0300","25"
"00682U","期元大美元指數","22377","466539","20.83","20.88","20.83","20.86","-0.0800","18"
"00683L","期元大美元指正2","228000","5115780","22.48","22.48","22.41","22.48","-0.1900","102"
"00684R","期元大美元指反1","12000","192320","16.02","16.05","16.02","16.02","0.0400","7"
"00685L","群益臺灣加權正2","27000","985550","36.18","36.89","36.18","36.88","1.6300","16"
"00686R","群益臺灣加權反1","2224000","8661490","3.93","3.93","3.88","3.89","-0.0900","97"
"00688L","國泰20年美債正2","429000","6818460","15.94","15.94","15.86","15.87","-0.0500","61"
"00689R","國泰20年美債反1","12000","201120","16.76","16.76","16.76","16.76","0.0000","1"
"00690","兆豐藍籌30","110372","3203018","28.95","29.05","28.95","29.03","0.6900","686"
"00692","富邦公司治理","1373997","40329142","29.00","29.50","29.00","29.49","0.6500","1093"
"00693U","期街口S&P黃豆","262982","6703367","25.36","25.63","25.33","25.60","1.0700","101"
"00700","富邦恒生國企","160434","2104140","13.08","13.20","13.07","13.10","0.0600","27"
"00701","國泰股利精選30","1268143","31110600","24.48","24.59","24.45","24.58","0.3400","677"
"00702","國泰標普低波高息","220298","4742544","21.54","21.54","21.53","21.53","-0.1200","1013"
"00703","台新MSCI中國","16984","274331","16.24","16.24","16.10","16.10","0.1100","14"
"00706L","期元大S&P日圓正2","1382300","14669537","10.59","10.65","10.57","10.58","0.0700","252"
"00707R","期元大S&P日圓反1","1000","23600","23.60","23.60","23.60","23.60","-0.0800","1"
"00708L","期元大S&P黃金正2","949430","23710169","25.05","25.05","24.89","24.93","0.4300","300"
"00709","富邦歐洲","65237","1414762","21.64","21.70","21.64","21.70","0.1000","43"
"00710B","FH彭博非投等債","438358","7859695","17.90","17.95","17.90","17.91","0.0300","97"
"00711B","FH彭博新興債","126020","2127126","16.86","16.89","16.86","16.89","0.0700","14"
"00712","FH富時不動產","914089","11156867","12.20","12.23","12.17","12.21","-0.0100","698"
"00713","元大台灣高息低波","505842","20593699","40.63","40.80","40.56","40.80","0.5400","571"
"00714","群益道瓊美國地產","244783","5148188","21.05","21.05","21.00","21.02","-0.0100","201"
"00715L","期街口布蘭特正2","37050635","654719197","17.66","17.86","17.54","17.76","-1.0200","6952"
"00717","富邦美國特別股","529337","8459424","16.00","16.00","15.97","15.97","-0.0300","238"
"00728","第一金工業30","276160","6315737","22.59","22.92","22.59","22.92","0.5100","285"
"00730","富邦臺灣優質高息","94500","1645709","17.38","17.47","17.36","17.47","0.2600","140"
"00731","FH富時高息低波","1073830","62156155","57.70","58.00","57.70","57.95","0.6500","158"
"00732","國泰RMB短期報酬","110000","4537300","41.23","41.25","41.23","41.25","0.0400","5"
"00733","富邦臺灣中小","168521","5653182","33.50","33.69","33.44","33.67","0.6600","214"
"00735","國泰臺韓科技","103594","2706962","25.94","26.14","25.94","26.04","0.4900","8"
"00736","國泰新興市場","102147","1975133","19.34","19.38","19.34","19.38","0.2400","853"
"00737","國泰AI+Robo","180596","5039602","27.90","27.95","27.88","27.91","0.1600","941"
"00738U","期元大道瓊白銀","1164704","23817225","20.44","20.52","20.39","20.49","0.2300","265"
"00739","元大MSCI A股","12344","300144","24.34","24.55","24.31","24.55","0.2300","976"
"00743","國泰中國A150","976","24420","","","","","0.0000","954"
"00752","中信中國50","1117462","20524253","18.41","18.51","18.27","18.30","0.0200","473"
"00753L","中信中國50正2","4165687","53486795","12.89","13.01","12.70","12.72","0.0600","1100"
"00757","統一FANG+","1037831","42977740","41.22","41.51","41.22","41.40","0.5500","821"
"00762","元大全球AI","192122","6814948","35.45","35.51","35.44","35.49","0.4200","185"
"00763U","期街口道瓊銅","134043","3023809","22.55","22.73","22.54","22.68","0.4500","21"
"00770","國泰北美科技","101512","3316147","32.68","32.68","32.63","32.63","0.3300","909"
"00771","元大US高息特別股","148529","2666869","17.97","17.98","17.90","17.96","0.0400","1156"
"00774B","新光中國政金綠債","2000","83700","41.85","41.85","41.85","41.85","0.0000","2"
"00774C","新光中政金綠債+R","","","","","","","0.0000",""
"00775B","新光投等債15+","51015","1851669","36.13","36.30","36.13","36.30","-0.2200","4"
"00783","富邦中証500","125044","2660999","21.31","21.31","21.25","21.25","0.2400","955"
"008201","BP上證50","3000","309715","103.50","103.50","103.05","103.10","0.8500","8"
"00830","國泰費城半導體","6239823","167550295","26.82","26.89","26.82","26.86","0.4000","2883"
"00850","元大臺灣ESG永續","807037","25231875","31.12","31.45","31.11","31.44","0.7100","509"
"00851","台新全球AI","13118","362189","27.62","27.70","27.62","27.68","0.4900","979"
"00852L","國泰美國道瓊正2","181200","3484980","19.20","19.26","19.20","19.25","0.0000","54"
"00861","元大全球未來通訊","306620","8734000","28.41","28.53","28.41","28.51","0.2400","237"
"00865B","國泰US短期公債","101761","3972057","39.04","39.09","39.04","39.09","0.0200","751"
"00875","國泰網路資安","195875","5364124","27.37","27.42","27.34","27.40","-0.0200","131"
"00876","元大全球5G","800083","21499948","26.70","26.96","26.70","26.92","0.4900","371"
"00878","國泰永續高股息","34827756","589987306","16.86","17.00","16.86","16.97","0.2000","12836"
"00881","國泰台灣5G+","13331143","197889838","14.72","14.92","14.71","14.90","0.3500","4394"
"00882","中信中國高股息","11200148","129847755","11.55","11.63","11.53","11.59","0.0700","3467"
"00885","富邦越南","7737431","112107390","14.45","14.52","14.45","14.49","0.0400","2462"
"00891","中信關鍵半導體","14341952","171119211","11.78","12.02","11.78","12.02","0.4100","3703"
"00892","富邦台灣半導體","5800423","62284709","10.66","10.81","10.66","10.81","0.2600","1234"
"00893","國泰智能電動車","23299427","337999938","14.47","14.54","14.46","14.49","0.2200","6055"
"00894","中信小資高價30","1991537","23585735","11.68","11.90","11.68","11.88","0.3700","538"
"00895","富邦未來車","4794967","73231609","15.20","15.30","15.20","15.28","0.2000","1699"
"00896","中信綠能及電動車","1675634","22453738","13.28","13.44","13.28","13.44","0.2700","592"
"00897","富邦基因免疫生技","3415921","36510220","10.60","10.72","10.60","10.70","0.2400","653"
"00898","國泰基因免疫革命","2265755","18747662","8.20","8.30","8.20","8.27","0.1600","706"
"00899","FT潔淨能源","682343","16665552","24.58","24.58","24.33","24.36","0.4700","235"
"00900","富邦特選高股息30","26889664","328107693","12.13","12.26","12.13","12.21","0.1100","6760"
"00901","永豐智能車供應鏈","732045","9157378","12.40","12.57","12.40","12.56","0.3000","317"
"00902","中信電池及儲能","3625401","52085236","14.30","14.43","14.30","14.31","0.0700","928"
"00903","富邦元宇宙","3392198","37359535","10.98","11.04","10.98","10.99","0.1200","1060"
"00904","新光臺灣半導體30","971366","10962002","11.19","11.36","11.18","11.35","0.3500","351"
"00905","FT臺灣Smart","1744116","15436980","8.81","8.90","8.81","8.88","0.1800","379"
"00906","大華元宇宙科技50","393070","3961602","10.00","10.16","9.98","10.15","0.1900","125"
"00907","永豐優息存股","872678","12713979","14.47","14.63","14.47","14.62","0.2400","336"
"00908","富邦入息REITs+","833101","12552288","15.11","15.11","15.05","15.08","-0.0200","139"
"00909","國泰數位支付服務","822305","15127449","18.41","18.42","18.38","18.39","0.3100","316"
"00910","第一金太空衛星","92111","1465057","15.96","15.96","15.87","15.89","-0.1000","54"
"00911","兆豐洲際半導體","693100","11709472","16.90","16.91","16.86","16.90","0.2400","246"
"00912","中信臺灣智慧50","2447543","36468559","14.73","14.97","14.73","14.97","0.4300","473"
"01001T","土銀富邦R1","1000","16800","16.80","16.80","16.80","16.80","0.0500","1"
"01002T","土銀國泰R1","62000","1115170","17.99","17.99","17.97","17.99","0.0000","18"
"01003T","兆豐新光R1","91000","1806350","19.85","19.85","19.85","19.85","0.0000","8"
"01004T","土銀富邦R2","55000","868950","15.80","15.80","15.79","15.79","0.0000","8"
"01007T","兆豐國泰R2","21000","388500","18.50","18.50","18.50","18.50","0.0000","6"
"01009T","王道圓滿R1","5000","44850","8.97","8.97","8.97","8.97","0.0000","1"
"01010T","京城樂富R1","20375","207879","10.19","10.23","10.19","10.23","0.0000","10"
"020000","富邦特選蘋果N","12000","78370","6.53","6.54","6.53","6.54","0.1100","3"
"020002","元富新中國N","2000","26740","13.37","13.37","13.37","13.37","0.0700","1"
"020007","凱基臺灣500N","","","","","","","0.0000",""
"020011","統一微波高息20N","","","","","","","0.0000",""
"020012","富邦行動通訊N","8000","55760","6.97","6.97","6.97","6.97","0.0000","1"
"020015","統一MSCI美低波N","","","","","","","0.0000",""
"020016","統一MSCI美科技N","","","","","","","0.0000",""
"020018","統一價值成長30N","10000","138180","13.77","13.88","13.77","13.88","0.2400","4"
"020019","統一特選台灣5GN","","","","","","","0.0000",""
"02001L","富邦蘋果正二N","186000","1639640","8.77","8.83","8.77","8.81","0.2000","7"
"02001R","富邦蘋果反一N","69000","216080","3.15","3.15","3.13","3.13","-0.0600","3"
"020020","元大台股領航N","777000","5175060","6.59","6.67","6.59","6.67","0.1300","40"
"020022","元大電動車N","1051000","5274210","4.96","5.03","4.96","5.02","0.0600","109"
"020028","元大特選電動車N","155000","749580","4.68","4.85","4.68","4.83","0.0500","39"
"020029","元大ESG高股息N","150000","668840","4.44","4.49","4.43","4.49","0.1100","53"
"020030","統一智慧電動車N","260000","1003380","3.79","3.87","3.79","3.87","0.0800","31"
"020031","統一IC設計臺灣N","359000","1205810","3.36","3.38","3.31","3.37","0.0700","56"
"020032","元大綠能N","160000","744560","4.63","4.67","4.63","4.67","0.0900","37"
"020034","元大IC設計N","885000","3452960","3.86","3.92","3.86","3.92","0.1200","63"
"1101","台泥","11583378","450508108","39.10","39.15","38.80","38.85","0.1000","8390"
"1101B","台泥乙特","2000","100300","50.10","50.20","50.10","50.20","0.0000","2"
"1102","亞泥","4858636","198658372","41.15","41.20","40.70","40.95","0.2500","3576"
"1103","嘉泥","382323","6701393","17.45","17.65","17.45","17.55","0.2500","157"
"1104","環泥","292617","6326790","21.70","21.70","21.55","21.60","-0.0500","203"
"1108","幸福","113006","1211863","10.75","10.80","10.65","10.75","0.1000","75"
"1109","信大","205547","3735471","18.15","18.25","18.10","18.15","0.0000","93"
"1110","東泥","59011","1062096","17.95","18.10","17.95","17.95","0.0500","40"
"1201","味全","656981","12978526","19.75","19.85","19.70","19.75","0.0000","513"
"1203","味王","5069","169319","33.20","33.50","33.20","33.45","0.2500","26"
"1210","大成","498254","23587351","47.30","47.55","47.20","47.35","0.1500","598"
"1213","大飲","78000","602340","7.32","7.90","7.32","7.73","0.3500","44"
"1215","卜蜂","179873","14059951","77.50","78.50","77.50","78.40","0.9000","272"
"1216","統一","5013253","330219494","66.40","66.40","65.40","65.80","0.7000","2879"
"1217","愛之味","2508319","24561717","9.70","9.85","9.70","9.80","0.1300","1244"
"1218","泰山","406300","12422861","30.65","31.00","30.30","30.50","0.0000","368"
"1219","福壽","1238299","25334128","20.20","20.65","20.20","20.50","0.5000","461"
"1220","台榮","530562","8444920","15.70","16.05","15.70","16.05","0.5500","303"
"1225","福懋油","9374","474469","51.00","51.00","50.50","50.50","0.2000","33"
"1227","佳格","519719","21358998","40.95","41.30","40.90","41.15","0.2000","418"
"1229","聯華","1441485","82265797","56.40","57.70","56.20","57.60","1.2000","975"
"1231","聯華食","162583","12417505","74.90","77.00","74.90","76.40","1.5000","523"
"1232","大統益","26433","4066567","153.00","154.50","153.00","154.50","0.0000","175"
"1233","天仁","8002","277668","34.70","34.70","34.70","34.70","0.1500","5"
"1234","黑松","102864","3453022","33.70","33.70","33.40","33.60","0.1000","72"
"1235","興泰","28635","1733344","60.20","61.00","60.00","60.50","0.0000","31"
"1236","宏亞","1411035","38527214","26.00","27.95","26.00","27.00","1.3500","961"
"1256","鮮活果汁-KY","31926","8103014","256.00","260.00","248.50","260.00","1.5000","447"
"1301","台塑","7456553","680260032","91.80","91.80","90.90","91.00","0.1000","3993"
"1303","南亞","5811571","393263869","67.90","68.00","67.40","67.60","0.3000","3313"
"1304","台聚","3436099","73003787","21.15","21.45","21.05","21.30","0.0500","1643"
"1305","華夏","2154904","49076772","22.65","23.00","22.60","22.85","0.1000","1186"
"1307","三芳","36137","707441","19.50","19.65","19.50","19.60","0.1000","33"
"1308","亞聚","1046458","26139284","24.70","25.15","24.70","25.10","0.6500","789"
"1309","台達化","792872","17419671","21.70","22.20","21.65","22.05","0.2000","555"
"1310","台苯","293113","3968354","13.45","13.60","13.40","13.55","0.1500","240"
"1312","國喬","2191696","42496645","19.20","19.50","19.20","19.40","0.1500","774"
"1312A","國喬特","","","","","","","0.0000",""
"1313","聯成","4611949","61716008","13.30","13.60","13.20","13.40","-0.1500","2256"
"1314","中石化","7077961","71001664","10.05","10.10","9.99","10.05","0.1100","1304"
"1315","達新","26110","1771039","67.70","68.30","67.70","67.70","0.0000","138"
"1316","上曜","1165612","16863745","14.30","14.60","14.25","14.50","0.3000","511"
"1319","東陽","6690069","327568182","49.10","49.65","48.55","48.90","-0.2000","3898"
"1321","大洋","1806350","64538883","33.75","37.00","33.75","36.50","2.8500","893"
"1323","永裕","94487","3217962","34.00","34.15","33.95","34.15","0.2500","57"
"1324","地球","29184","309807","10.60","10.70","10.55","10.65","0.0000","21"
"1325","恆大","262173","6326322","23.60","24.55","23.60","24.50","1.0500","192"
"1326","台化","2785081","193145142","69.90","69.90","69.00","69.10","0.1000","1358"
"1337","再生-KY","109728","669840","6.05","6.13","6.05","6.12","0.0400","69"
"1338","廣華-KY","107008","5912144","54.90","55.50","54.70","55.30","0.5000","98"
"1339","昭輝","526281","22247368","41.60","42.80","41.10","42.70","1.9000","377"
"1340","勝悅-KY","66910","671153","9.98","10.10","9.91","10.10","0.1200","82"
"1341","富林-KY","3002","199836","66.70","66.70","66.50","66.50","0.5000","5"
"1342","八貫","63984","4228423","65.70","66.50","65.60","66.20","0.8000","56"
"1402","遠東新","8454895","250442978","29.75","29.85","29.45","29.65","0.1500","2453"
"1409","新纖","1163078","21108653","18.10","18.20","18.10","18.15","0.1500","537"
"1410","南染","121980","4100784","33.60","34.30","33.40","33.50","0.1500","109"
"1413","宏洲","3858760","42539086","10.70","11.20","10.50","11.20","1.0000","1065"
"1414","東和","92172","1499236","16.40","16.40","16.15","16.30","0.1000","69"
"1416","廣豐","85301","877786","10.30","10.30","10.25","10.25","0.0500","54"
"1417","嘉裕","197277","2010422","10.00","10.25","10.00","10.25","0.1500","95"
"1418","東華","152121","2591190","15.95","17.40","15.95","16.55","0.6500","74"
"1419","新紡","82012","3323731","40.60","40.75","40.40","40.70","0.3500","38"
"1423","利華","64203","1206090","18.85","18.85","18.70","18.70","0.1000","31"
"1432","大魯閣","209685","2562213","12.15","12.35","12.15","12.30","0.1500","206"
"1434","福懋","939337","24279694","25.80","25.95","25.70","25.95","0.3500","617"
"1435","中福","14818","766045","53.20","53.20","51.20","51.30","-3.7000","74"
"1436","華友聯","45853","2653920","57.80","58.20","57.60","58.00","-0.1000","56"
"1437","勤益控","121364","3001135","24.65","24.90","24.60","24.85","0.2000","67"
"1438","三地開發","183312","6023668","32.60","33.15","32.55","33.00","0.5000","98"
"1439","中和","7182","143634","19.70","20.35","19.70","20.10","0.4000","9"
"1440","南紡","773096","13535687","17.25","17.60","17.25","17.55","0.4500","452"
"1441","大東","59748","485211","8.07","8.20","8.07","8.08","0.0000","63"
"1442","名軒","40040","885588","22.20","22.20","22.00","22.15","0.0500","33"
"1443","立益","13012","212692","16.40","16.40","16.20","16.35","0.1000","20"
"1444","力麗","726561","7433147","10.10","10.30","10.10","10.25","0.1500","284"
"1445","大宇","74081","1135553","15.40","15.40","15.25","15.40","0.1000","28"
"1446","宏和","98100","3099663","31.55","31.70","31.50","31.60","0.1500","56"
"1447","力鵬","1290824","10474314","7.95","8.19","7.95","8.02","0.0900","475"
"1449","佳和","25018","229943","9.09","9.30","9.09","9.19","0.1000","31"
"1451","年興","218987","5041658","22.90","23.20","22.90","22.90","-0.0500","139"
"1452","宏益","83091","1528775","18.20","18.50","18.20","18.50","0.2000","80"
"1453","大將","2204036","44608973","20.00","20.70","19.85","20.15","0.6000","1225"
"1454","台富","198116","2679815","13.60","13.65","13.45","13.45","0.1500","139"
"1455","集盛","2079576","23176142","11.05","11.25","11.05","11.20","0.3000","530"
"1456","怡華","42000","705450","16.65","16.95","16.65","16.85","-0.0500","19"
"1457","宜進","297026","5113247","17.00","17.35","17.00","17.15","0.1000","163"
"1459","聯發","716661","6823936","9.20","9.69","9.20","9.59","0.3900","255"
"1460","宏遠","409101","2941269","7.20","7.21","7.17","7.20","0.0700","167"
"1463","強盛","57089","789477","13.80","13.85","13.75","13.85","0.0500","26"
"1464","得力","333066","4811587","14.45","14.55","14.30","14.45","0.2500","186"
"1465","偉全","148105","1916580","12.75","13.15","12.75","12.85","0.2500","92"
"1466","聚隆","140223","1774676","12.40","12.80","12.40","12.80","0.4000","48"
"1467","南緯","1528443","18691671","12.25","12.35","12.10","12.15","0.0000","261"
"1468","昶和","77006","967224","12.65","12.65","12.45","12.65","0.0000","54"
"1470","大統新創","27040","524104","19.00","19.65","18.90","19.45","0.6500","22"
"1471","首利","2352592","22252931","9.35","9.68","9.29","9.38","0.1300","1045"
"1472","三洋實業","29233","501642","17.00","17.40","16.75","17.30","0.3000","19"
"1473","台南","1366053","30953639","21.95","23.20","21.95","22.60","0.6500","819"
"1474","弘裕","647231","7645926","11.50","11.95","11.50","11.95","0.5000","224"
"1475","業旺","56513","3241238","57.00","59.20","56.50","56.90","0.8000","50"
"1476","儒鴻","2142361","958448931","429.00","457.00","427.50","448.00","30.0000","2113"
"1477","聚陽","9473156","1538281687","157.00","166.00","156.00","162.50","10.5000","9180"
"1503","士電","535367","32908489","61.40","62.60","60.60","61.90","0.8000","442"
"1504","東元","1313738","37333117","28.40","28.55","28.25","28.55","0.4500","621"
"1506","正道","195282","2751148","14.40","14.50","13.80","14.05","0.0000","118"
"1512","瑞利","151026","567908","3.62","3.77","3.62","3.75","0.1500","57"
"1513","中興電","9614601","554313573","57.40","58.20","57.20","57.70","0.4000","5446"
"1514","亞力","4085207","140288075","33.95","34.65","33.75","34.65","1.0500","2467"
"1515","力山","827098","25848865","31.20","31.70","30.90","31.20","0.1500","569"
"1516","川飛","110628","2646220","23.95","24.25","23.75","24.00","0.1500","94"
"1517","利奇","1202824","27471365","22.35","23.10","22.30","23.10","1.0500","695"
"1519","華城","203986","7386406","35.70","36.35","35.70","36.35","0.7000","170"
"1521","大億","17101","604285","35.90","35.90","35.10","35.25","0.7500","19"
"1522","堤維西","17664544","545119237","29.75","31.35","29.75","31.30","1.3000","9199"
"1522A","堤維西甲特","1000","44900","44.90","44.90","44.90","44.90","0.0000","1"
"1524","耿鼎","59206569","1469935051","24.25","25.30","24.20","24.95","0.8000","22147"
"1525","江申","55023","3190742","58.60","58.70","57.70","58.20","0.8000","29"
"1526","日馳","370093","16012399","42.60","43.75","42.30","43.70","1.7000","313"
"1527","鑽全","168502","7026056","41.50","41.85","41.50","41.70","0.4000","134"
"1528","恩德","617248","6035129","9.62","9.88","9.62","9.86","0.3500","308"
"1529","樂士","554091","8964663","15.95","16.45","15.80","16.20","0.4000","345"
"1530","亞崴","5918","175444","29.40","29.85","29.40","29.85","0.2000","27"
"1531","高林股","129640","1805394","14.00","14.00","13.90","13.90","0.0000","121"
"1532","勤美","98138","2861131","29.00","29.30","29.00","29.25","0.5000","75"
"1533","車王電","409593","24135355","58.30","59.20","58.30","59.00","1.3000","384"
"1535","中宇","138963","5828052","41.50","42.35","41.50","42.20","0.9000","99"
"1536","和大","1846929","147676418","80.00","81.30","79.20","80.20","0.2000","1354"
"1537","廣隆","78095","11073090","141.00","142.00","140.50","142.00","1.0000","100"
"1538","正峰","5125","33081","6.30","6.62","6.30","6.39","0.3700","12"
"1539","巨庭","9088829","297747776","32.70","33.70","32.00","32.30","0.3000","5166"
"1540","喬福","101231","1427541","13.95","14.20","13.95","14.10","0.1500","61"
"1541","錩泰","347450","12882541","35.45","37.95","35.45","37.05","1.8000","297"
"1558","伸興","51490","6841674","132.50","133.50","132.50","132.50","0.0000","69"
"1560","中砂","13399463","2096117537","158.00","161.00","153.50","153.50","0.5000","10303"
"1568","倉佑","4198348","115434870","26.65","27.95","26.65","27.95","1.0000","2322"
"1582","信錦","235192","15001154","64.00","64.00","63.30","64.00","1.4000","252"
"1583","程泰","5027","307147","61.10","61.10","61.10","61.10","0.0000","6"
"1587","吉茂","188133","4900689","25.95","26.25","25.70","25.70","0.0500","168"
"1589","永冠-KY","267004","14452624","54.10","54.70","53.70","54.50","0.5000","153"
"1590","亞德客-KY","1347528","1050586706","758.00","792.00","756.00","791.00","42.0000","1399"
"1597","直得","52770","3850642","72.00","73.30","72.00","73.30","1.4000","74"
"1598","岱宇","93060","3523065","37.90","38.10","37.65","37.95","0.4500","66"
"1603","華電","254501","6902687","26.75","27.45","26.70","27.15","0.5000","142"
"1604","聲寶","156204","4146565","26.45","26.70","26.35","26.60","0.2500","175"
"1605","華新","17793583","570646306","32.00","32.30","31.80","32.05","0.4500","7947"
"1608","華榮","375543","5354873","14.15","14.40","14.00","14.30","0.4000","223"
"1609","大亞","4486833","93796631","20.60","21.20","20.55","21.15","0.6500","2190"
"1611","中電","2885932","51462913","17.90","18.00","17.70","17.80","0.1000","1530"
"1612","宏泰","732322","12279801","16.45","16.90","16.45","16.80","0.4500","349"
"1614","三洋電","54020","1923540","35.45","35.80","35.45","35.65","0.4500","44"
"1615","大山","44482","1395297","31.35","32.00","31.30","31.30","0.0000","30"
"1616","億泰","353130","3006867","8.31","8.64","8.25","8.43","0.2800","178"
"1617","榮星","37112","561085","15.25","15.25","15.10","15.15","0.0500","10"
"1618","合機","79801","965475","12.00","12.20","12.00","12.15","0.0500","67"
"1626","艾美特-KY","116279","2099786","17.90","18.25","17.90","17.90","0.0000","56"
"1701","中化","245334","5096258","20.60","20.85","20.60","20.85","0.3000","182"
"1702","南僑","125248","5588180","44.50","44.75","44.45","44.65","0.7000","136"
"1707","葡萄王","122494","15963894","128.50","131.50","128.50","130.50","1.5000","163"
"1708","東鹼","4699629","221715220","46.30","48.00","46.30","47.95","1.6500","2899"
"1709","和益","1164496","27873180","23.85","24.05","23.85","24.05","0.4000","485"
"1710","東聯","795301","13566720","17.00","17.20","16.95","17.10","-0.0500","469"
"1711","永光","1830495","35779605","19.30","19.80","19.30","19.60","0.4500","819"
"1712","興農","971266","33734411","34.65","35.00","34.50","34.60","0.0000","903"
"1713","國化","30002","707396","23.50","23.75","23.50","23.65","0.1500","20"
"1714","和桐","1020225","9101631","8.92","8.95","8.89","8.90","0.0200","519"
"1717","長興","1506156","47260287","31.50","31.50","31.20","31.45","0.3500","825"
"1718","中纖","813442","6254900","7.66","7.73","7.64","7.70","0.1100","332"
"1720","生達","487877","22429810","46.05","46.25","45.75","46.15","0.1500","373"
"1721","三晃","759764","11694584","15.30","15.50","15.30","15.30","0.2500","471"
"1722","台肥","1836310","116998261","63.80","64.10","63.40","63.80","0.4000","1183"
"1723","中碳","791251","89934899","113.50","114.50","112.50","113.50","-0.5000","718"
"1725","元禎","172000","3732400","21.40","22.10","21.30","21.75","0.2500","115"
"1726","永記","33587","2425933","72.10","72.80","72.10","72.20","0.2000","20"
"1727","中華化","570994","17443422","30.00","31.00","30.00","30.45","0.6500","365"
"1730","花仙子","23328","1325294","56.50","57.00","56.50","56.90","0.0000","49"
"1731","美吾華","113670","2026693","17.70","17.90","17.70","17.80","0.1000","71"
"1732","毛寶","340371","9962453","28.80","29.65","28.80","29.30","0.6500","232"
"1733","五鼎","513692","13629230","26.80","26.80","26.35","26.60","-0.0500","302"
"1734","杏輝","402893","11296004","28.00","28.15","27.85","28.05","0.3000","272"
"1735","日勝化","6105","85485","14.00","14.00","13.90","13.90","0.1000","18"
"1736","喬山","103205","5581738","53.30","54.40","53.30","54.40","1.5000","88"
"1737","臺鹽","195031","6585656","33.70","33.85","33.65","33.75","0.0500","116"
"1752","南光","62000","2221350","35.55","36.00","35.50","35.95","0.4500","49"
"1760","寶齡富錦","3136502","350585402","110.00","113.00","108.50","113.00","4.5000","1820"
"1762","中化生","245607","13832637","56.40","56.80","55.90","56.30","0.3000","184"
"1773","勝一","224051","32268621","143.00","145.50","143.00","143.50","1.5000","318"
"1776","展宇","14050","266610","18.80","19.20","18.80","18.95","0.0000","13"
"1783","和康生","220784","9245038","41.35","42.20","41.35","41.75","0.5000","171"
"1786","科妍","10912","437370","40.00","40.20","40.00","40.00","0.1000","37"
"1789","神隆","737715","18235346","24.50","24.95","24.50","24.65","0.3500","540"
"1795","美時","5043123","705061252","136.00","142.00","136.00","142.00","7.0000","3748"
"1802","台玻","1804693","31134434","17.15","17.35","17.05","17.30","0.4500","988"
"1805","寶徠","55234","687159","11.40","12.65","11.40","12.25","0.5000","35"
"1806","冠軍","282966","2666961","9.36","9.47","9.36","9.43","0.0800","153"
"1808","潤隆","90704","5845058","65.00","65.00","63.90","64.40","0.4000","74"
"1809","中釉","114249","1341514","11.70","11.85","11.65","11.75","0.1000","77"
"1810","和成","707106","7784611","11.00","11.10","10.90","11.05","0.1000","129"
"1817","凱撒衛","17075","572887","33.75","33.75","33.40","33.60","0.3000","18"
"1903","士紙","239182","13494765","55.50","57.00","55.50","56.70","1.1000","159"
"1904","正隆","388835","10448441","26.85","26.95","26.75","26.90","0.2500","407"
"1905","華紙","680272","11260205","16.35","16.65","16.30","16.60","0.5000","439"
"1906","寶隆","1058380","18283722","17.05","17.50","16.95","17.00","0.0000","239"
"1907","永豐餘","504829","11741037","23.00","23.45","23.00","23.30","0.1500","424"
"1909","榮成","1685326","24962586","14.75","14.90","14.70","14.85","0.2000","821"
"2002","中鋼","18482618","520986291","28.10","28.30","28.00","28.30","0.4500","6866"
"2002A","中鋼特","14081","687106","48.80","48.80","48.75","48.80","0.1000","12"
"2006","東和鋼鐵","1062749","55595643","51.60","52.60","51.60","52.40","0.8000","842"
"2007","燁興","1974456","23810845","11.95","12.30","11.85","12.10","0.2000","917"
"2008","高興昌","24000","402050","16.75","17.15","16.55","16.65","0.2000","20"
"2009","第一銅","801438","20985921","26.20","26.50","25.95","26.15","0.4500","517"
"2010","春源","344358","5472581","15.85","16.00","15.75","15.85","0.1500","251"
"2012","春雨","68231","1606259","23.50","23.90","23.40","23.50","0.0500","57"
"2013","中鋼構","1308845","77719331","58.10","60.30","58.10","59.80","0.7000","723"
"2014","中鴻","11350321","297954982","26.10","26.70","25.90","26.05","0.0500","4313"
"2015","豐興","325187","21279527","65.50","65.80","65.20","65.20","-0.3000","272"
"2017","官田鋼","457563","5642004","12.20","12.50","12.20","12.35","0.2500","274"
"2020","美亞","281765","6522456","23.05","23.25","23.00","23.20","0.3000","180"
"2022","聚亨","953320","8281924","8.78","8.78","8.61","8.68","0.1300","479"
"2023","燁輝","3979432","63296926","15.75","16.05","15.75","15.90","0.2500","1722"
"2024","志聯","41335","794251","18.50","19.35","18.50","19.15","0.4000","39"
"2025","千興","132006","718740","5.49","5.51","5.42","5.48","0.0700","50"
"2027","大成鋼","4467825","155500894","34.50","35.00","34.50","34.90","0.5500","2423"
"2028","威致","686002","15782928","23.05","23.30","22.80","22.90","0.4500","450"
"2029","盛餘","780683","18408344","23.15","24.00","23.15","23.40","0.4000","299"
"2030","彰源","2811450","64512418","23.00","23.10","22.75","23.05","0.4000","1273"
"2031","新光鋼","1387360","48583448","34.60","35.30","34.60","35.30","0.7000","837"
"2032","新鋼","520200","9743601","18.35","19.00","18.35","18.90","0.5000","313"
"2033","佳大","236067","3495035","14.70","14.95","14.70","14.70","0.2500","144"
"2034","允強","7001220","211313837","29.80","30.60","29.30","30.40","1.0500","2708"
"2038","海光","959132","20117808","20.55","21.30","20.55","21.00","0.5000","647"
"2049","上銀","2558631","536026972","209.00","212.00","207.00","210.00","3.5000","1949"
"2059","川湖","199991","90168975","447.00","455.00","446.50","453.00","3.5000","213"
"2062","橋椿","159252","4252049","26.75","27.00","26.50","26.65","0.2500","111"
"2069","運錩","465040","9748137","20.70","21.15","20.70","20.95","0.3500","244"
"2101","南港","1334327","53157487","39.60","40.10","39.35","39.90","0.5000","595"
"2102","泰豐","819347","15606377","18.80","19.30","18.60","19.10","0.6500","394"
"2103","台橡","1783457","47467462","26.30","26.80","26.30","26.75","0.8500","1075"
"2104","國際中橡","1910812","38405802","20.15","20.25","19.95","20.05","0.1000","604"
"2105","正新","2954455","103303168","35.00","35.20","34.75","35.00","0.5000","1536"
"2106","建大","987366","37142460","37.40","37.80","37.40","37.60","0.2500","613"
"2107","厚生","333728","6951264","20.80","21.00","20.75","21.00","0.3000","178"
"2108","南帝","630178","25611484","40.25","40.85","40.25","40.75","0.5500","521"
"2109","華豐","122028","1759751","14.30","14.50","14.30","14.40","0.1000","77"
"2114","鑫永銓","8430","870655","102.00","104.00","102.00","104.00","1.0000","16"
"2115","六暉-KY","26100","803060","30.70","30.90","30.70","30.75","0.1000","23"
"2201","裕隆","4778588","209991729","43.75","44.25","43.70","43.80","0.5500","2540"
"2204","中華","2066982","98999055","47.95","48.60","47.50","47.95","0.5000","1313"
"2206","三陽工業","2325931","88205768","37.25","38.25","37.25","37.90","0.6500","1468"
"2207","和泰車","277379","167649269","597.00","608.00","596.00","606.00","15.0000","308"
"2208","台船","1961036","36024936","18.05","18.55","17.90","18.35","0.5500","951"
"2211","長榮鋼","346707","21918960","62.60","63.60","62.40","63.30","0.7000","310"
"2227","裕日車","39387","8401562","210.00","214.50","210.00","214.00","4.0000","77"
"2228","劍麟","77313","4957450","62.80","65.00","62.80","64.80","2.0000","67"
"2231","為升","394876","53151172","132.50","138.50","132.50","137.00","5.5000","334"
"2233","宇隆","365285","41641609","113.00","115.00","113.00","114.50","3.0000","332"
"2236","百達-KY","8355","174548","21.25","21.25","20.70","20.95","0.3500","8"
"2239","英利-KY","37082","2124079","57.40","57.70","56.80","57.60","0.2000","32"
"2241","艾姆勒","68110","2080705","30.50","30.80","30.40","30.65","0.1500","54"
"2243","宏旭-KY","614081","10382334","17.10","17.25","16.75","16.80","-0.1500","223"
"2247","汎德永業","21932","4383676","199.50","200.50","199.00","200.00","1.5000","54"
"2250","IKKA-KY","10148","832656","83.00","83.00","81.50","82.00","1.4000","20"
"2301","光寶科","6797648","451467615","66.10","67.00","65.40","66.50","0.7000","3530"
"2302","麗正","503140","8046396","15.85","16.15","15.85","15.95","0.3000","291"
"2303","聯電","159318746","6621097176","40.95","42.35","40.60","42.15","2.1500","61976"
"2305","全友","1295468","35126646","28.00","28.00","26.50","27.50","-0.3000","696"
"2308","台達電","5516430","1454261531","265.00","265.00","262.00","262.50","1.5000","4076"
"2312","金寶","2300510","28760043","12.40","12.55","12.40","12.55","0.2000","824"
"2313","華通","48413251","2384603657","49.05","50.60","48.40","49.15","0.6000","24704"
"2314","台揚","3702292","166656875","44.30","45.40","44.30","45.30","1.2000","2587"
"2316","楠梓電","69938","1937606","27.55","27.80","27.55","27.75","0.3000","87"
"2317","鴻海","25350396","2748564050","108.50","109.00","108.00","108.00","0.0000","10246"
"2321","東訊","8910","51406","5.78","5.78","5.78","5.78","0.1700","9"
"2323","中環","2637709","19447297","7.27","7.42","7.27","7.40","0.1900","1023"
"2324","仁寶","8357340","192378292","23.15","23.20","22.90","22.95","0.1000","3692"
"2327","國巨","2659558","857338991","320.00","325.00","319.50","323.00","6.0000","2417"
"2328","廣宇","961374","33344941","34.20","34.85","34.20","34.75","0.8500","678"
"2329","華泰","9507565","157186057","16.30","17.10","16.25","16.25","0.0500","3340"
"2330","台積電","35052642","17966410242","509.00","516.00","507.00","516.00","16.0000","49928"
"2331","精英","1231576","26725527","21.70","21.80","21.55","21.75","0.4500","507"
"2332","友訊","4957040","85299483","17.00","17.40","16.80","17.30","0.5500","1952"
"2337","旺宏","8792711","289249724","32.60","33.10","32.55","33.05","0.9000","4441"
"2338","光罩","2761528","206382449","73.00","75.60","72.90","75.20","2.9000","2386"
"2340","台亞","2382197","94738972","39.35","39.90","39.35","39.85","0.7500","1653"
"2342","茂矽","1838191","69376003","36.50","38.60","36.45","38.25","2.4500","1162"
"2344","華邦電","26460475","611456888","22.80","23.40","22.80","23.10","0.8500","8996"
"2345","智邦","4175187","1080201009","258.00","262.00","255.00","257.50","4.0000","7760"
"2347","聯強","5093093","282064701","54.60","56.00","54.60","55.70","1.2000","2431"
"2348","海悅","82706","6319361","77.00","77.00","75.70","76.20","1.3000","101"
"2348A","海悅甲特","1000","36850","36.85","36.85","36.85","36.85","0.2500","1"
"2349","錸德","818713","5955997","7.23","7.30","7.21","7.30","0.1400","340"
"2351","順德","3076467","348135348","116.00","118.00","111.00","112.00","-2.0000","2396"
"2352","佳世達","2478562","70876985","28.60","28.70","28.40","28.70","0.3500","1321"
"2353","宏碁","24088322","526567861","22.05","22.20","21.75","21.80","-0.4000","8369"
"2354","鴻準","2003445","97548231","48.25","48.95","48.25","48.85","0.9000","1549"
"2355","敬鵬","450496","12907439","28.60","28.90","28.45","28.65","0.5000","264"
"2356","英業達","5796420","140511798","24.20","24.40","24.05","24.15","0.1000","1870"
"2357","華碩","2103080","591674856","283.00","283.00","279.50","282.00","1.0000","2574"
"2358","廷鑫","471638","7831230","16.80","16.85","16.40","16.70","0.3000","282"
"2359","所羅門","13194551","382919308","27.35","29.95","27.25","29.95","2.7000","6770"
"2360","致茂","494662","86225807","175.00","176.00","173.00","173.00","-0.5000","1164"
"2362","藍天","108493","3412857","31.70","31.70","31.20","31.55","0.2000","81"
"2363","矽統","2253902","44543447","19.55","19.95","19.55","19.90","0.6000","1045"
"2364","倫飛","7476413","536119389","70.60","73.50","70.40","71.10","0.0000","5353"
"2365","昆盈","178904","1768880","9.74","9.93","9.74","9.87","0.1400","102"
"2367","燿華","1991879","33426433","16.55","17.00","16.45","16.90","0.6500","900"
"2368","金像電","30767632","2214847838","71.20","73.70","70.20","72.00","0.0000","19049"
"2369","菱生","1754722","27774811","15.90","16.00","15.75","15.90","0.3000","892"
"2371","大同","6835913","228448889","33.25","33.60","33.20","33.35","0.3000","2288"
"2373","震旦行","23097","1961245","84.60","85.50","84.60","85.10","0.1000","39"
"2374","佳能","3573250","87381317","23.65","24.75","23.60","24.75","1.3000","1888"
"2375","凱美","608871","31858051","52.00","52.90","51.80","52.20","0.5000","429"
"2376","技嘉","3713994","298841421","80.10","80.90","80.10","80.60","1.0000","2954"
"2377","微星","3252418","381034905","115.00","118.50","114.50","117.50","1.5000","2387"
"2379","瑞昱","2114140","743642427","349.50","354.00","348.00","352.00","8.0000","2069"
"2380","虹光","1624625","20991013","12.75","13.15","12.40","13.15","0.6000","800"
"2382","廣達","6011115","474826193","79.20","79.30","78.60","79.10","0.8000","3313"
"2383","台光電","1416613","231384402","162.00","164.50","161.00","163.50","1.5000","1189"
"2385","群光","1448989","113508021","78.20","78.70","78.00","78.20","0.2000","1106"
"2387","精元","868104","32165943","36.30","37.90","36.30","37.30","1.4000","476"
"2388","威盛","4416138","318428067","72.30","73.00","71.30","73.00","3.0000","2545"
"2390","云辰","1201047","17091954","14.05","14.40","13.95","14.35","0.5000","638"
"2392","正崴","467673","14975775","32.00","32.15","31.80","32.10","0.4500","310"
"2393","億光","864862","31835549","36.55","37.05","36.35","37.00","0.7500","725"
"2395","研華","1596056","571981157","359.00","363.50","352.50","354.50","12.5000","1424"
"2397","友通","25050","1470908","58.70","59.10","58.50","58.60","1.0000","27"
"2399","映泰","1249523","18478026","14.75","15.00","14.40","14.75","0.3000","594"
"2401","凌陽","1532344","43505392","28.00","28.55","28.00","28.45","0.5500","1198"
"2402","毅嘉","1361328","20343064","15.10","15.25","14.70","14.80","0.2000","568"
"2404","漢唐","316977","47664257","147.50","151.50","147.50","151.00","3.5000","318"
"2405","浩鑫","5171741","71271650","13.45","14.00","13.45","13.70","0.5000","1930"
"2406","國碩","1780397","36664878","20.35","20.75","20.30","20.75","0.4500","1105"
"2408","南亞科","8751460","464747464","51.90","53.50","51.90","53.20","2.2000","5063"
"2409","友達","25329734","354047630","14.00","14.10","13.90","13.95","0.1000","5198"
"2412","中華電","6376233","775705445","121.00","122.00","121.00","122.00","1.5000","2389"
"2413","環科","86185","1626176","18.75","19.00","18.75","18.90","0.1500","63"
"2414","精技","75763","2334954","30.45","30.90","30.45","30.85","0.4000","80"
"2415","錩新","66386","1944696","29.10","29.60","29.00","29.25","0.7000","64"
"2417","圓剛","396324","8492300","21.15","21.65","21.10","21.60","0.9000","277"
"2419","仲琦","17764826","493493925","27.25","28.15","27.05","28.05","0.9500","9046"
"2420","新巨","74369","3083518","41.60","41.70","41.30","41.50","0.2000","87"
"2421","建準","2294824","95847972","42.30","42.60","41.25","41.25","-0.4500","1620"
"2423","固緯","142000","3706850","26.15","26.35","25.85","26.05","0.1500","105"
"2424","隴華","7100","136820","19.15","20.00","19.15","20.00","0.8500","7"
"2425","承啟","377347","9985914","26.55","26.75","26.25","26.35","0.0500","263"
"2426","鼎元","4303612","83497577","18.35","19.80","18.30","19.80","1.8000","1811"
"2427","三商電","241510","3011224","12.20","12.55","12.20","12.55","0.3500","137"
"2428","興勤","322867","45198425","140.00","141.50","139.00","139.00","-0.5000","354"
"2429","銘旺科","8031","102755","12.80","13.00","12.70","13.00","-0.1000","11"
"2431","聯昌","221020","2239251","10.05","10.25","10.05","10.15","0.1500","98"
"2433","互盛電","16414","795512","48.35","48.60","48.30","48.55","0.2500","20"
"2434","統懋","73364","2201889","29.40","30.60","29.10","29.65","0.2500","21"
"2436","偉詮電","1227967","65450823","52.50","53.90","52.50","53.00","0.6000","945"
"2438","翔耀","31940","414125","13.00","13.00","12.90","12.95","0.2500","16"
"2439","美律","1513043","123521085","80.80","82.30","80.80","82.20","1.7000","1154"
"2440","太空梭","938190","13611412","14.15","14.75","14.15","14.55","0.4500","557"
"2441","超豐","916986","57270248","62.10","62.70","62.00","62.50","0.7000","822"
"2442","新美齊","285805","3324363","11.55","11.70","11.55","11.70","0.2500","134"
"2443","昶虹","40078","134236","3.35","3.42","3.26","3.36","0.0100","23"
"2444","兆勁","4464930","62905493","13.30","14.45","13.15","14.30","1.1500","1684"
"2449","京元電子","6266000","249934764","39.80","40.00","39.65","40.00","0.4000","2693"
"2450","神腦","48387","1503751","30.95","31.15","30.90","31.10","0.2500","47"
"2451","創見","969001","62164649","63.50","64.90","63.50","64.70","2.5000","695"
"2453","凌群","385500","10148498","25.60","26.80","25.60","26.40","0.9500","223"
"2454","聯發科","7340789","5219518437","700.00","717.00","698.00","717.00","33.0000","12241"
"2455","全新","1854393","125242921","66.80","68.70","66.80","67.20","1.0000","1354"
"2457","飛宏","6834002","256228599","36.50","38.30","36.50","37.60","1.6500","4375"
"2458","義隆","4177844","418068893","98.00","102.00","98.00","101.50","1.0000","3367"
"2459","敦吉","38073","1804157","47.15","47.55","47.15","47.50","0.1500","55"
"2460","建通","74739","1202126","15.90","16.30","15.90","16.10","0.2000","87"
"2461","光群雷","172311","3214055","18.55","18.80","18.40","18.65","0.2500","102"
"2462","良得電","184803","4835337","25.95","26.45","25.85","26.30","0.7000","117"
"2464","盟立","149343","5666101","37.65","38.15","37.65","38.10","0.6500","97"
"2465","麗臺","537977","17945867","32.85","33.70","32.85","33.55","0.7500","416"
"2466","冠西電","85000","2854100","33.10","33.85","33.10","33.85","0.7500","55"
"2467","志聖","64957","2857205","43.80","44.25","43.65","44.05","0.7500","63"
"2468","華經","33000","428000","12.95","13.00","12.90","12.95","0.0500","19"
"2471","資通","89005","2402285","27.35","27.35","26.95","27.05","0.1000","60"
"2472","立隆電","1961631","93202620","52.60","53.50","52.60","53.40","1.2000","157"
"2474","可成","1221903","208294396","171.00","171.50","170.00","170.50","1.0000","1530"
"2476","鉅祥","12994028","684847787","49.90","53.90","49.70","53.90","4.9000","6898"
"2477","美隆電","51170","1076571","21.00","21.10","20.90","21.10","0.1500","47"
"2478","大毅","91466","3892305","42.55","42.85","42.40","42.60","0.6500","66"
"2480","敦陽科","337775","28709890","84.90","85.90","84.50","85.90","1.4000","297"
"2481","強茂","17649513","1198513095","67.50","68.80","67.30","67.60","0.9000","11590"
"2482","連宇","29744201","878893493","28.50","30.70","28.30","29.65","1.6500","14350"
"2483","百容","344000","8318450","24.10","24.35","24.00","24.05","0.0500","173"
"2484","希華","973637","35576251","36.15","36.70","36.10","36.60","0.7500","626"
"2485","兆赫","893383","15379802","16.90","17.40","16.90","17.30","0.4500","440"
"2486","一詮","1254351","32171618","25.20","26.15","25.15","25.40","0.5000","759"
"2488","漢平","503765","14559065","28.45","29.25","28.45","29.25","0.8000","237"
"2489","瑞軒","1522951","17976632","11.70","11.85","11.70","11.85","0.0500","816"
"2491","吉祥全","706764","10839048","14.45","15.65","14.45","15.65","1.4000","349"
"2492","華新科","937696","90009851","95.50","96.60","95.10","96.20","1.5000","1116"
"2493","揚博","143472","6171150","43.50","43.50","42.90","43.05","0.2500","121"
"2495","普安","241098","3482930","14.35","14.55","14.35","14.40","0.2000","142"
"2496","卓越","39082","1841536","47.30","47.50","47.00","47.00","-0.2500","18"
"2497","怡利電","1786119","122926097","68.00","69.50","68.00","69.10","1.9000","1347"
"2498","宏達電","67898703","4085665937","59.80","62.00","59.10","62.00","3.7000","30072"
"2501","國建","349968","5655326","16.10","16.30","16.10","16.20","0.1000","195"
"2504","國產","3677492","87888744","23.60","24.20","23.55","24.20","0.7500","1630"
"2505","國揚","178100","3452768","19.55","19.55","19.30","19.30","0.0000","79"
"2506","太設","317938","3056525","9.49","9.69","9.48","9.65","0.2600","125"
"2509","全坤建","42532","631993","14.85","14.95","14.85","14.95","0.2000","66"
"2511","太子","542177","6289164","11.60","11.70","11.50","11.55","0.0500","186"
"2514","龍邦","200563","3408012","16.95","17.10","16.80","17.00","0.1000","65"
"2515","中工","2171270","19292121","8.82","8.92","8.82","8.90","0.1400","769"
"2516","新建","192508","936252","4.85","4.88","4.85","4.88","0.0300","60"
"2520","冠德","861928","23210710","26.80","27.15","26.55","26.95","0.4000","530"
"2524","京城","1026750","38176362","36.85","37.35","36.50","37.20","1.0500","177"
"2527","宏璟","87320","2186737","25.05","25.15","24.95","25.15","0.2500","72"
"2528","皇普","40048","746435","18.80","18.80","18.60","18.60","-0.2000","15"
"2530","華建","395398","5685938","14.40","14.40","14.30","14.35","-0.0500","80"
"2534","宏盛","3364148","83933096","23.95","24.60","23.95","24.60","0.6500","808"
"2535","達欣工","208057","6221803","29.85","30.00","29.65","30.00","0.4000","159"
"2536","宏普","516102","10936642","21.10","21.30","21.05","21.15","0.1500","131"
"2537","聯上發","2831566","22923377","8.12","8.14","8.06","8.10","-0.0100","903"
"2538","基泰","337525","4389713","13.05","13.10","12.95","12.95","0.0000","188"
"2539","櫻花建","186032","6145921","33.00","33.10","32.80","33.10","0.1000","90"
"2540","愛山林","17484","2029787","115.50","116.50","115.50","116.50","2.0000","29"
"2542","興富發","3422715","156752586","45.75","45.90","45.60","45.85","0.2000","1839"
"2543","皇昌","82023","697853","8.69","8.69","8.40","8.45","-0.0100","32"
"2545","皇翔","314224","13117217","40.90","42.00","40.90","41.90","1.0000","218"
"2546","根基","82779","4202300","50.00","51.10","50.00","51.10","1.2500","94"
"2547","日勝生","186600","1717053","9.22","9.23","9.19","9.21","0.1100","126"
"2548","華固","428291","38048826","88.50","89.10","88.40","88.80","0.0000","387"
"2597","潤弘","93384","7979334","84.80","86.80","84.70","85.50","0.7000","71"
"2601","益航","1914971","17751542","9.18","9.35","9.18","9.25","0.1900","863"
"2603","長榮","123939466","12116948693","96.20","99.30","95.90","99.20","5.2000","60215"
"2605","新興","3038923","70101297","22.80","23.40","22.80","23.05","0.4500","1371"
"2606","裕民","3203985","131325723","40.60","41.30","40.60","41.10","0.6500","2308"
"2607","榮運","17428339","536324083","31.10","31.40","30.15","30.40","0.0000","6646"
"2608","嘉里大榮","1080151","45758028","43.15","43.15","42.10","42.10","-1.0500","1454"
"2609","陽明","62851040","5647874603","89.00","90.50","88.70","90.50","3.0000","32552"
"2610","華航","40936225","882519247","21.40","21.75","21.35","21.75","0.7000","13268"
"2611","志信","1037856","18816910","18.00","18.35","18.00","18.05","0.4000","562"
"2612","中航","340140","13454542","39.05","39.90","39.05","39.65","0.9000","274"
"2613","中櫃","705238","18659126","26.25","26.85","25.80","26.35","0.5500","440"
"2614","東森","1803509","43715329","24.15","24.35","24.10","24.15","0.4000","1149"
"2615","萬海","14152953","1511316525","106.00","107.50","105.00","107.50","3.5000","7248"
"2616","山隆","442407","14723222","33.45","33.65","33.15","33.20","-0.1500","576"
"2617","台航","776179","21497880","27.40","27.85","27.40","27.80","0.6000","501"
"2618","長榮航","57507734","1808434900","31.05","31.85","30.95","31.70","1.1500","17393"
"2630","亞航","46712","792780","17.00","17.05","16.90","17.00","0.0500","44"
"2633","台灣高鐵","3896595","112665804","28.70","29.05","28.60","28.90","0.4500","1583"
"2634","漢翔","15651948","561920737","36.00","36.40","35.50","35.95","-0.0500","6584"
"2636","台驊投控","863084","74872214","85.90","87.20","85.90","87.00","2.2000","758"
"2637","慧洋-KY","6509359","437534864","66.60","67.70","66.60","67.50","1.1000","4231"
"2642","宅配通","367425","18898066","50.50","51.80","50.50","51.60","1.7000","296"
"2701","萬企","36001","428209","11.90","11.90","11.85","11.90","0.0500","30"
"2702","華園","837978","23516259","27.15","28.55","27.15","28.00","1.5000","585"
"2704","國賓","239775","7950910","33.05","33.45","33.00","33.05","0.0000","150"
"2705","六福","301226","4859054","16.10","16.25","15.95","16.25","0.4500","191"
"2706","第一店","77428","1077075","13.90","13.95","13.85","13.90","0.0500","55"
"2707","晶華","317881","52579587","164.00","166.50","163.00","165.50","1.5000","286"
"2712","遠雄來","6000","209600","35.00","35.00","34.90","34.95","0.4000","5"
"2722","夏都","52271","1700587","32.30","33.00","32.20","32.50","0.7500","53"
"2723","美食-KY","522252","52554809","98.80","101.50","98.80","101.50","2.7000","464"
"2727","王品","217620","25503755","115.00","118.50","115.00","118.00","0.5000","310"
"2731","雄獅","390517","35479937","89.70","92.40","89.70","90.30","0.8000","366"
"2739","寒舍","16166","355602","22.20","22.20","21.90","22.05","-0.0500","25"
"2748","雲品","149605","6573896","43.05","44.55","43.05","43.80","0.7500","136"
"2753","八方雲集","105747","14747245","139.50","140.50","138.50","140.00","2.5000","152"
"2801","彰銀","7538713","133875783","17.75","17.85","17.65","17.80","0.2500","1683"
"2809","京城銀","887020","31107037","34.60","35.30","34.60","35.25","0.5000","675"
"2812","台中銀","1905937","25229582","13.25","13.30","13.20","13.25","0.1000","921"
"2816","旺旺保","63410","1020980","16.10","16.15","16.00","16.15","0.0500","23"
"2820","華票","497522","7815999","15.80","15.80","15.60","15.75","0.0500","410"
"2832","台產","93078","1819723","19.60","19.60","19.50","19.50","0.0000","77"
"2834","臺企銀","21668101","262535536","12.05","12.20","12.00","12.20","0.2000","4806"
"2836","高雄銀","1103521","14809244","13.15","13.60","13.15","13.50","0.4500","432"
"2836A","高雄銀甲特","95134","2158017","22.70","22.85","22.65","22.80","-0.1000","43"
"2838","聯邦銀","814921","10649911","12.90","13.15","12.90","13.15","0.3500","423"
"2838A","聯邦銀甲特","26000","1337800","51.50","51.50","51.40","51.50","0.0000","12"
"2845","遠東銀","3697033","41969043","11.30","11.40","11.30","11.40","0.1500","835"
"2849","安泰銀","49951","717867","14.35","14.50","14.35","14.40","0.2000","39"
"2850","新產","107562","5621136","51.80","52.50","51.80","52.40","0.6000","114"
"2851","中再保","603658","12949183","21.10","21.60","21.10","21.60","0.4500","294"
"2852","第一保","117074","1703778","14.50","14.60","14.50","14.55","0.0500","74"
"2855","統一證","1112934","17548662","15.45","15.90","15.45","15.90","0.4500","565"
"2867","三商壽","2965252","18563543","6.20","6.30","6.20","6.28","0.1200","1245"
"2880","華南金","14462274","335622682","22.95","23.40","22.95","23.30","0.3500","3581"
"2881","富邦金","19933221","1129322985","56.00","57.20","56.00","57.00","1.0000","7430"
"2881A","富邦特","47431","2901812","61.10","61.30","61.10","61.30","0.2000","49"
"2881B","富邦金乙特","61548","3712063","60.30","60.40","60.30","60.40","0.0000","27"
"2881C","富邦金丙特","11316","670032","59.30","59.30","59.20","59.20","0.0000","31"
"2882","國泰金","20223360","922852110","45.40","45.80","45.30","45.75","0.9000","6412"
"2882A","國泰特","51067","3094268","60.60","60.60","60.60","60.60","0.0000","41"
"2882B","國泰金乙特","11870","716204","60.40","60.50","60.20","60.50","0.0000","20"
"2883","開發金","76047841","1002582651","12.90","13.45","12.90","13.35","0.5000","14026"
"2883B","開發金乙特","2893806","24298762","8.40","8.41","8.38","8.41","0.0100","585"
"2884","玉山金","12105197","332716738","27.30","27.60","27.30","27.55","0.2500","5755"
"2885","元大金","21995949","452220952","20.30","20.70","20.30","20.70","0.5000","6743"
"2886","兆豐金","17216012","618393078","36.10","36.10","35.80","35.85","0.2000","6058"
"2887","台新金","17178772","271084485","15.75","15.85","15.70","15.80","0.2000","5114"
"2887E","台新戊特","46484","2402155","51.60","51.70","51.60","51.70","0.1000","57"
"2887F","台新戊特二","36130","1797485","49.75","49.75","49.75","49.75","-0.0500","19"
"2887Z1","台新己特","561832","9439090","16.75","16.85","16.75","16.75","0.0500","75"
"2888","新光金","29188852","249620770","8.50","8.59","8.50","8.59","0.1000","5499"
"2888A","新光金甲特","16197","644589","39.80","39.80","39.75","39.80","0.0000","21"
"2888B","新光金乙特","48885","1941593","39.75","39.75","39.70","39.70","-0.0500","39"
"2889","國票金","3345695","44213000","13.25","13.30","13.15","13.20","-0.1000","1939"
"2890","永豐金","30936673","526402886","16.90","17.15","16.80","17.10","0.3000","4892"
"2891","中信金","37350285","851573375","22.50","23.05","22.45","23.00","0.7500","8166"
"2891B","中信金乙特","300","18420","","","","","0.0000","3"
"2891C","中信金丙特","7104","426342","60.00","60.10","60.00","60.10","0.0000","12"
"2892","第一金","11902000","305048205","25.55","25.75","25.55","25.65","0.1000","5137"
"2897","王道銀行","3160533","25699294","8.06","8.20","8.06","8.18","0.1200","848"
"2897A","王道銀甲特","3200","32010","10.00","10.00","10.00","10.00","0.0000","5"
"2901","欣欣","37560","893626","23.65","24.10","23.65","23.80","0.1000","42"
"2903","遠百","232847","4335656","18.55","18.70","18.55","18.65","0.1000","194"
"2904","匯僑","52102","1116302","21.30","22.10","21.10","21.10","0.0000","40"
"2905","三商","221992","3938298","17.60","17.85","17.60","17.80","0.2000","185"
"2906","高林","1493915","29152593","19.15","19.75","19.10","19.55","0.5000","751"
"2908","特力","161490","3489805","21.65","21.70","21.50","21.65","0.0500","132"
"2910","統領","111000","3365750","30.60","30.65","30.30","30.30","-0.1000","19"
"2911","麗嬰房","166316","1102016","6.62","6.72","6.59","6.59","-0.0300","149"
"2912","統一超","1042770","290789671","279.00","283.00","275.50","279.00","7.0000","1053"
"2913","農林","267096","5030001","18.70","18.95","18.70","18.85","0.1500","177"
"2915","潤泰全","6631523","429064717","63.70","65.30","63.60","65.00","1.3000","3269"
"2923","鼎固-KY","55188","1287168","23.05","23.70","23.00","23.70","1.1000","33"
"2929","淘帝-KY","953526","11526748","11.45","12.25","11.40","12.25","1.1000","436"
"2939","凱羿-KY","7000","229500","32.55","33.00","32.50","33.00","0.4500","7"
"2945","三商家購","15347","719042","47.15","47.20","46.60","46.60","-0.3500","21"
"3002","歐格","370010","4465268","11.90","12.35","11.90","12.25","0.5000","215"
"3003","健和興","2870473","236543274","81.90","83.30","81.40","81.80","0.5000","2112"
"3004","豐達科","275466","17505116","62.40","64.30","62.30","63.40","1.0000","253"
"3005","神基","4480034","210626237","46.00","48.00","45.55","47.10","1.6500","2758"
"3006","晶豪科","4046924","322605558","78.60","80.70","78.40","79.60","1.8000","3525"
"3008","大立光","742893","1559295695","2065.00","2120.00","2065.00","2100.00","60.0000","3385"
"3010","華立","264847","23195031","86.70","88.20","86.70","88.20","1.5000","200"
"3011","今皓","1865350","41897475","21.55","22.90","21.55","22.50","1.2500","908"
"3013","晟銘電","7857987","126080355","15.10","16.30","14.95","16.30","1.4500","3063"
"3014","聯陽","374313","24863942","65.70","66.70","65.70","66.70","1.5000","380"
"3015","全漢","68601","2474800","35.80","36.30","35.80","36.30","0.5500","45"
"3016","嘉晶","1106655","88846910","79.30","80.90","79.00","80.70","2.8000","975"
"3017","奇鋐","13324283","1489388733","113.50","114.50","109.50","112.50","-0.5000","8750"
"3018","同開","69922","750362","10.40","11.00","10.40","10.95","0.2000","200"
"3019","亞光","604237","37366841","61.60","62.10","61.50","62.00","1.0000","587"
"3021","鴻名","29036","589032","20.60","20.60","20.15","20.30","0.2500","23"
"3022","威強電","2756579","153727100","55.30","56.40","54.40","56.30","1.4000","1688"
"3023","信邦","690449","187879236","272.50","276.00","270.50","271.00","-0.5000","1428"
"3024","憶聲","1268172","16686543","13.20","13.40","12.95","12.95","0.0500","443"
"3025","星通","725155","14207898","19.30","20.00","19.15","19.15","0.0000","441"
"3026","禾伸堂","186254","16602707","88.50","89.50","88.50","89.30","0.3000","221"
"3027","盛達","280921","5148607","18.00","18.90","18.00","18.90","1.0000","143"
"3028","增你強","176936","5347755","29.70","30.40","29.70","30.35","0.4500","209"
"3029","零壹","687970","27877771","41.10","41.15","40.00","40.70","0.1000","576"
"3030","德律","410385","24126546","58.30","59.00","58.30","58.90","0.9000","319"
"3031","佰鴻","144386","2317045","15.75","16.20","15.75","16.05","0.4500","99"
"3032","偉訓","34007","996507","29.45","29.50","29.20","29.40","0.2500","34"
"3033","威健","1319422","34764690","26.10","26.50","26.10","26.40","0.5000","718"
"3034","聯詠","4499357","1118421946","248.00","251.50","247.00","247.50","0.5000","4506"
"3035","智原","30158799","4731335311","152.00","159.50","151.50","159.50","10.5000","18151"
"3036","文曄","1341278","93146736","69.00","69.80","69.00","69.30","0.8000","932"
"3036A","文曄甲特","33100","1581880","47.80","47.80","47.75","47.80","0.0000","18"
"3037","欣興","40722271","6156324890","148.50","154.00","147.50","150.50","4.5000","25108"
"3038","全台","1757297","37355036","20.75","21.55","20.75","21.35","0.8000","1005"
"3040","遠見","18527","547970","29.60","30.00","29.50","29.55","-0.1000","26"
"3041","揚智","1066218","25844139","23.80","24.35","23.80","24.35","0.8000","692"
"3042","晶技","959547","83063331","86.50","87.00","86.00","86.70","0.7000","848"
"3043","科風","325144","1441238","4.31","4.50","4.31","4.40","0.0700","88"
"3044","健鼎","1193616","120206330","101.00","101.50","99.90","101.00","1.2000","515"
"3045","台灣大","3137409","318959812","102.00","102.00","101.00","101.50","-0.5000","1449"
"3046","建碁","224920","6574970","28.95","29.90","28.80","29.90","0.4000","172"
"3047","訊舟","4400814","57764202","12.70","13.35","12.70","13.15","0.5000","1664"
"3048","益登","667008","19328057","28.50","29.15","28.50","29.10","0.6000","319"
"3049","和鑫","6695251","64048286","9.29","9.73","9.25","9.58","0.3700","2316"
"3050","鈺德","232916","3701834","15.80","15.95","15.80","15.90","0.2500","102"
"3051","力特","1082895","16948082","15.30","16.00","15.30","15.65","0.4500","607"
"3052","夆典","50224","515877","10.25","10.30","10.25","10.30","0.0000","43"
"3054","立萬利","21001","404969","19.35","19.50","19.20","19.30","-0.0500","19"
"3055","蔚華科","54709","1431792","26.15","26.80","25.90","26.40","0.5000","58"
"3056","總太","1221852","35912444","28.85","29.80","28.85","29.65","0.8000","730"
"3057","喬鼎","93730","1163807","12.40","12.55","12.25","12.35","0.2000","75"
"3058","立德","314468","3466910","10.80","11.20","10.80","11.00","0.0500","148"
"3059","華晶科","1571220","56070288","35.10","35.90","35.10","35.80","1.1000","1051"
"3060","銘異","200933","3724446","18.55","18.65","18.35","18.65","0.4500","162"
"3062","建漢","31821043","984302001","30.20","31.50","30.10","31.00","1.1000","15034"
"3090","日電貿","126929","5945866","46.55","46.95","46.40","46.85","0.8000","132"
"3092","鴻碩","317854","12873020","40.00","41.25","40.00","40.20","0.3500","210"
"3094","聯傑","417228","11160161","26.30","27.00","26.30","26.75","0.7500","286"
"3130","一零四","13730","2636303","191.00","192.50","191.00","192.00","1.5000","66"
"3138","耀登","121077","14789264","120.00","123.00","120.00","122.00","3.0000","139"
"3149","正達","250625","4133505","16.60","16.90","16.35","16.50","0.3500","171"
"3164","景岳","220163","5482622","24.80","25.00","24.80","25.00","0.2500","33"
"3167","大量","117142","5847858","48.75","50.50","48.75","50.20","1.6000","100"
"3189","景碩","12647786","1589934032","124.00","127.50","123.50","126.50","5.5000","7176"
"3209","全科","894262","31146723","34.70","35.00","34.60","35.00","0.5000","483"
"3229","晟鈦","217522","5336754","23.20","25.45","23.20","25.45","2.3000","203"
"3231","緯創","12871180","349351410","27.00","27.40","26.75","27.35","0.6500","5478"
"3257","虹冠電","57882","2848110","49.80","49.80","49.00","49.05","0.0000","74"
"3266","昇陽","50000","598300","11.95","12.00","11.90","12.00","0.2500","36"
"3296","勝德","420030","6406930","14.95","15.50","14.90","15.35","0.5500","215"
"3305","昇貿","771122","40735831","51.40","53.40","51.40","53.00","2.0000","503"
"3308","聯德","25000","335700","13.10","13.60","13.00","13.50","0.1500","17"
"3311","閎暉","78589","2585470","33.00","33.25","32.75","33.15","0.3000","84"
"3312","弘憶股","674069","12194316","17.80","18.25","17.80","18.05","0.4000","369"
"3321","同泰","524209","6075080","11.25","11.90","11.25","11.35","0.1000","318"
"3338","泰碩","365158","15469543","41.75","42.90","41.75","42.30","1.2000","313"
"3346","麗清","160174","4925309","30.70","31.15","29.95","30.85","0.4500","127"
"3356","奇偶","732734","20411145","27.40","28.25","27.40","28.20","-0.2000","439"
"3376","新日興","154488","12378936","80.30","80.70","79.70","80.20","0.9000","147"
"3380","明泰","10127616","320442158","31.80","32.00","30.90","31.85","0.0500","5949"
"3383","新世紀","33014","201875","6.12","6.14","6.10","6.14","0.0400","17"
"3406","玉晶光","3878367","1520503855","380.00","398.00","378.00","397.00","23.5000","3743"
"3413","京鼎","167062","32254841","191.50","194.50","191.50","194.00","4.0000","235"
"3416","融程電","62230","4707609","75.60","75.70","75.40","75.70","0.0000","35"
"3419","譁裕","1278453","21638892","16.15","17.20","16.15","17.05","0.9500","794"
"3432","台端","7207579","137845930","18.70","19.40","18.50","19.40","1.7500","2086"
"3437","榮創","78295","1523502","19.10","19.55","19.10","19.50","0.5000","78"
"3443","創意","5986864","3221373995","534.00","549.00","526.00","549.00","29.0000","6517"
"3450","聯鈞","865551","37583750","41.40","44.25","41.35","43.75","2.6500","687"
"3454","晶睿","152763","12334123","80.00","81.20","80.00","80.90","0.9000","117"
"3481","群創","33712872","359734239","10.55","10.75","10.55","10.70","0.2000","6447"
"3494","誠研","7489522","94956230","12.35","13.10","11.90","13.10","1.1500","2585"
"3501","維熹","27300","1174333","42.75","43.40","42.75","43.15","0.3500","28"
"3504","揚明光","21125278","2138559124","102.00","103.50","99.00","100.00","-0.5000","13614"
"3515","華擎","361775","35410891","96.20","99.00","96.00","98.30","3.6000","347"
"3518","柏騰","295008","5607761","19.15","19.35","18.85","19.00","-0.1500","122"
"3528","安馳","5060","249358","49.00","49.50","49.00","49.30","0.3000","8"
"3530","晶相光","272047","24550305","90.00","91.50","89.00","89.00","0.5000","242"
"3532","台勝科","4215176","721017615","166.00","173.50","166.00","173.50","10.0000","3244"
"3533","嘉澤","629810","412586604","644.00","664.00","644.00","654.00","21.0000","740"
"3535","晶彩科","3162096","82871562","25.55","26.65","25.55","26.50","1.2500","1648"
"3536","誠創","69186","262634","3.87","4.11","3.73","3.74","-0.1300","37"
"3543","州巧","24032","458255","19.10","19.20","19.00","19.05","0.3500","23"
"3545","敦泰","3040054","204844126","66.80","67.90","66.60","67.30","0.6000","2482"
"3550","聯穎","91011","1324215","14.40","14.80","14.40","14.80","0.3000","67"
"3557","嘉威","37261","2544665","69.60","69.60","67.70","68.20","-0.3000","43"
"3563","牧德","18538","2573492","138.00","139.50","138.00","139.00","1.0000","45"
"3576","聯合再生","3445715","72786766","20.95","21.20","20.95","21.20","0.2500","1633"
"3583","辛耘","377121","26988471","70.50","72.00","70.50","71.60","1.6000","456"
"3588","通嘉","719997","48830563","66.60","69.00","65.90","67.30","1.7000","555"
"3591","艾笛森","7133487","129875855","17.45","18.70","17.20","18.05","1.0000","3776"
"3592","瑞鼎","571929","146509305","251.00","259.50","251.00","255.50","5.5000","698"
"3593","力銘","31304","428864","13.65","13.80","13.60","13.80","0.0500","41"
"3596","智易","6542194","820316675","126.50","127.50","123.50","125.00","-2.5000","4927"
"3605","宏致","192462","7289110","37.30","38.15","37.30","38.05","0.9500","159"
"3607","谷崧","557306","7163279","12.50","13.25","12.50","12.80","0.4000","303"
"3617","碩天","252990","20279135","79.20","81.40","79.00","80.00","1.2000","216"
"3622","洋華","134078","4127550","31.20","31.20","30.55","30.70","0.1000","102"
"3645","達邁","707311","27341689","38.00","38.95","38.00","38.65","0.7500","527"
"3653","健策","1640626","616467463","378.00","381.50","370.50","374.50","2.0000","1502"
"3661","世芯-KY","6971558","4509880771","648.00","659.00","635.00","641.00","3.0000","7212"
"3665","貿聯-KY","2022943","634194744","308.00","316.00","306.50","315.00","8.5000","1718"
"3669","圓展","59555","2485082","41.95","41.95","41.50","41.95","0.8000","48"
"3673","TPK-KY","687917","23519883","33.75","34.35","33.75","34.35","0.8500","436"
"3679","新至陞","200779","16006818","81.30","81.80","78.30","79.50","-0.5000","307"
"3682","亞太電","2665141","18245661","6.85","6.88","6.81","6.88","0.0300","653"
"3686","達能","206360","2398453","11.40","11.80","11.40","11.60","0.2000","155"
"3694","海華","78000","1426700","18.10","18.50","18.10","18.45","0.3500","59"
"3701","大眾控","483945","20396681","41.60","42.60","41.60","42.30","1.2500","367"
"3702","大聯大","2806445","141845087","50.00","51.00","49.90","50.70","0.7500","1804"
"3702A","大聯大甲特","119100","5737635","48.20","48.25","48.15","48.15","0.0000","33"
"3703","欣陸","1377321","41344498","29.75","30.40","29.75","29.90","0.3500","694"
"3704","合勤控","4153104","129449615","31.10","31.50","30.95","31.15","-0.2000","2339"
"3705","永信","91927","3728197","40.40","40.70","40.40","40.70","0.5000","101"
"3706","神達","2423148","68464115","28.00","28.40","28.00","28.30","0.3000","1215"
"3708","上緯投控","817694","85073067","104.00","105.00","103.00","104.00","1.5000","702"
"3711","日月光投控","7221452","635789368","88.30","88.50","87.50","88.20","0.8000","6314"
"3712","永崴投控","164210","4477683","26.90","27.45","26.90","27.45","0.7500","119"
"3714","富采","4279678","205781031","47.60","48.35","47.60","48.35","0.8500","2267"
"4104","佳醫","137361","8834913","64.40","64.50","64.10","64.40","0.4000","173"
"4106","雃博","262449","6361849","23.80","24.45","23.80","24.30","0.5500","206"
"4108","懷特","120990","2201048","18.20","18.30","18.10","18.15","0.1500","118"
"4119","旭富","64475","5180625","79.80","80.80","79.80","80.40","0.6000","87"
"4133","亞諾法","697700","24584500","34.45","35.55","34.45","35.55","1.1000","569"
"4137","麗豐-KY","87582","15549176","177.50","178.50","176.00","178.00","1.0000","99"
"4142","國光生","2714355","99064665","35.95","36.95","35.75","36.80","1.0000","1372"
"4148","全宇生技-KY","1229987","75995421","60.40","63.30","60.40","61.00","0.6000","931"
"4155","訊映","107545","2457548","22.75","23.00","22.70","22.70","0.3000","101"
"4164","承業醫","167777","6144602","35.70","36.90","35.70","36.80","0.8500","132"
"4190","佐登-KY","17000","1158600","68.50","68.70","67.90","67.90","-0.2000","11"
"4306","炎洲","272048","3792965","13.95","14.00","13.90","13.95","0.1000","165"
"4414","如興","13620560","34781930","2.22","2.61","2.22","2.61","0.2300","1421"
"4426","利勤","1680562","46952302","27.90","28.40","27.40","28.15","0.8500","1171"
"4438","廣越","86372","9784522","110.00","116.00","110.00","114.50","5.5000","83"
"4439","冠星-KY","17219","1968185","113.00","115.00","113.00","115.00","4.0000","19"
"4440","宜新實業","51778","1694464","32.60","33.05","32.60","33.00","0.4000","41"
"4526","東台","123585","1687353","13.65","13.70","13.60","13.60","0.0500","120"
"4532","瑞智","185850","3093608","16.50","16.75","16.50","16.65","0.1500","104"
"4536","拓凱","174353","25028929","142.00","144.50","142.00","144.00","3.0000","137"
"4540","全球傳動","47044","2050192","43.00","44.20","42.85","44.20","1.2000","43"
"4545","銘鈺","49000","1365850","27.80","28.40","27.60","28.20","0.4000","41"
"4551","智伸科","482036","77647722","162.50","164.50","159.50","159.50","-1.5000","419"
"4552","力達-KY","46233","1349603","28.90","29.25","28.90","29.20","0.3000","31"
"4555","氣立","21201","1202656","56.50","57.10","56.40","57.00","0.6000","18"
"4557","永新-KY","417422","37226888","88.70","90.90","87.70","90.30","1.7000","295"
"4560","強信-KY","71000","2836150","39.90","40.20","39.75","40.00","0.1000","42"
"4562","穎漢","185070","2844217","15.45","15.55","15.25","15.55","0.2500","122"
"4564","元翎","88494","2418761","27.00","27.45","27.00","27.40","0.4000","65"
"4566","時碩工業","464191","24238898","52.80","53.20","51.10","51.60","-0.4000","333"
"4571","鈞興-KY","21000","1602800","76.30","76.50","76.20","76.50","0.2000","18"
"4572","駐龍","330659","42506058","128.50","130.00","127.50","127.50","1.5000","289"
"4576","大銀微系統","20051","1766982","88.20","88.80","87.60","88.20","0.9000","19"
"4581","光隆精密-KY","1002","32364","32.30","32.30","32.30","32.30","0.3000","2"
"4583","台灣精銳","26013","5488282","205.50","214.50","205.50","211.00","5.5000","27"
"4720","德淵","122062","1672446","13.60","13.75","13.55","13.75","0.2000","69"
"4722","國精化","20067","730848","36.50","36.55","36.30","36.45","0.5500","21"
"4737","華廣","24076","1784132","74.00","74.40","73.60","74.10","0.1000","47"
"4739","康普","1997559","236018303","117.50","119.50","117.50","118.00","0.5000","1499"
"4746","台耀","191203","8681463","45.05","45.85","45.00","45.60","1.0000","127"
"4755","三福化","1106829","158237468","143.50","144.00","142.00","144.00","4.0000","936"
"4763","材料-KY","79020","8306216","103.50","106.00","103.50","106.00","2.5000","75"
"4764","雙鍵","11260","612061","55.10","55.10","54.00","54.20","0.0000","13"
"4766","南寶","58746","7582478","129.00","130.00","128.50","130.00","1.0000","78"
"4770","上品","152479","38749170","250.50","255.50","250.50","255.00","5.5000","142"
"4807","日成-KY","8030","173560","21.50","21.70","21.50","21.70","0.0000","14"
"4904","遠傳","3841543","290400515","76.30","76.30","75.20","75.60","0.0000","2060"
"4906","正文","4114852","120724020","29.25","29.75","29.05","29.15","-0.3500","2348"
"4912","聯德控股-KY","90111","10070375","109.50","113.00","109.50","112.00","3.0000","76"
"4915","致伸","5099307","354597029","69.90","70.00","69.00","69.70","0.7000","3467"
"4916","事欣科","4377841","122943357","27.40","28.45","27.30","28.45","2.5500","2070"
"4919","新唐","14816090","1655963900","109.50","114.00","109.50","114.00","7.5000","9935"
"4927","泰鼎-KY","1266495","71389860","55.80","57.30","55.40","56.70","1.0000","782"
"4930","燦星網","152620","3725510","23.65","25.15","23.65","25.15","1.5000","127"
"4934","太極","837674","22414072","26.30","26.95","26.30","26.75","0.8500","577"
"4935","茂林-KY","28564","1572208","55.00","55.30","54.70","55.10","0.5000","35"
"4938","和碩","6536931","405865760","62.60","62.80","61.60","62.00","-1.0000","4028"
"4942","嘉彰","138309","5337888","38.65","38.90","38.40","38.60","0.2000","111"
"4943","康控-KY","222546","3544746","15.90","16.25","15.70","16.00","0.2000","135"
"4952","凌通","1121934","69154381","60.60","62.00","60.60","61.90","1.6000","801"
"4956","光鋐","444177","7510596","16.25","17.50","16.25","16.90","0.8000","315"
"4958","臻鼎-KY","2646676","299925916","112.00","114.00","112.00","113.50","2.0000","1730"
"4960","誠美材","4575721","43409847","9.28","9.65","9.26","9.43","0.3200","1678"
"4961","天鈺","3173260","335864820","106.00","107.50","105.00","105.00","0.5000","2301"
"4967","十銓","242285","6741642","27.65","28.15","27.40","28.05","1.1000","199"
"4968","立積","1603536","221122939","135.00","140.00","134.50","138.00","4.5000","1607"
"4976","佳凌","732526","30432761","40.85","41.95","40.85","41.75","1.4000","706"
"4977","眾達-KY","258152","21112778","78.90","84.00","78.40","82.30","4.8000","250"
"4989","榮科","161618","4253151","26.00","26.45","26.00","26.35","0.4500","108"
"4994","傳奇","38195","1548493","40.10","40.90","40.10","40.40","0.7500","40"
"4999","鑫禾","181359","6578574","36.50","36.50","36.00","36.15","0.8500","124"
"5007","三星","21000","1132000","53.50","54.10","53.50","53.80","0.4000","19"
"5203","訊連","32410","2881330","89.00","89.10","88.50","89.10","0.7000","33"
"5215","科嘉-KY","37269","1533515","41.05","41.60","40.95","41.10","0.3500","46"
"5222","全訊","490172","64312261","132.50","133.00","130.00","131.50","1.0000","353"
"5225","東科-KY","25000","521700","21.00","21.00","20.65","20.85","0.2000","20"
"5234","達興材料","741323","49387482","66.70","67.00","66.00","66.50","-0.1000","591"
"5243","乙盛-KY","1238046","82917642","67.00","67.40","66.50","66.80","0.8000","1061"
"5244","弘凱","38055","1055586","26.90","28.10","26.90","28.00","0.7500","31"
"5258","虹堡","36006133","2346561973","61.50","66.60","61.20","65.60","5.0000","20050"
"5269","祥碩","419557","408021494","973.00","988.00","956.00","961.00","-6.0000","704"
"5283","禾聯碩","17486","1814592","103.50","104.00","103.50","104.00","1.0000","33"
"5284","jpp-KY","350919","17622625","50.80","51.20","49.45","50.50","0.6000","285"
"5285","界霖","302910","24580953","79.60","81.70","79.60","81.50","2.4000","258"
"5288","豐祥-KY","54000","8039500","149.50","150.00","147.00","149.50","3.0000","48"
"5306","桂盟","83531","12679564","148.50","153.50","148.50","153.00","4.5000","166"
"5388","中磊","8835226","802400660","89.70","92.00","89.10","92.00","2.3000","6424"
"5434","崇越","234556","36582051","154.50","157.50","154.50","157.00","3.0000","314"
"5469","瀚宇博","1509388","48032789","31.55","32.05","31.55","31.90","0.5000","758"
"5471","松翰","181263","10282948","56.00","57.20","56.00","56.80","0.9000","324"
"5484","慧友","310971","4450818","14.45","14.70","13.80","14.25","0.1000","247"
"5515","建國","51600","634247","12.20","12.35","12.20","12.35","0.2000","57"
"5519","隆大","1373819","30948817","22.35","22.65","22.35","22.65","0.3000","690"
"5521","工信","183662","1255930","6.82","6.86","6.81","6.85","0.0900","212"
"5522","遠雄","273839","17537864","64.00","64.50","63.50","63.60","-0.4000","436"
"5525","順天","21000","496150","23.60","23.80","23.55","23.60","0.0500","18"
"5531","鄉林","195672","1796048","9.17","9.25","9.13","9.19","0.0600","148"
"5533","皇鼎","424538","7536823","17.65","17.90","17.65","17.80","0.2500","193"
"5534","長虹","100701","7367460","72.90","73.30","72.90","73.30","0.5000","121"
"5538","東明-KY","9000","390150","43.80","43.80","43.10","43.45","0.4500","9"
"5546","永固-KY","15000","808600","53.90","54.00","53.90","53.90","0.4000","10"
"5607","遠雄港","796179","38859093","48.50","49.75","47.60","49.75","3.1000","514"
"5608","四維航","3349261","101799012","30.30","30.70","30.15","30.50","0.6500","1866"
"5706","鳳凰","1517398","91472027","58.80","61.70","58.80","60.20","1.5000","1070"
"5871","中租-KY","3898728","832445925","208.00","216.00","207.50","216.00","11.5000","3643"
"5871A","中租-KY甲特","32019","3179886","99.40","99.40","99.30","99.40","0.0000","12"
"5876","上海商銀","3668745","186657478","50.50","51.10","50.10","51.10","1.2000","1423"
"5880","合庫金","15141471","417723845","27.35","27.70","27.35","27.65","0.3000","4599"
"5906","台南-KY","3480","113352","32.60","32.60","32.60","32.60","0.2000","4"
"5907","大洋-KY","21378","315044","14.95","14.95","14.65","14.85","0.0500","20"
"6005","群益證","2581863","29488162","11.35","11.50","11.30","11.50","0.3500","825"
"6024","群益期","60545","2127894","35.00","35.45","35.00","35.30","0.3000","86"
"6108","競國","61440","1053009","17.20","17.25","17.10","17.15","0.2500","57"
"6112","聚碩","59468","2023763","34.00","34.15","34.00","34.00","0.3000","59"
"6115","鎰勝","70153","2878686","40.90","41.10","40.90","40.95","0.1000","77"
"6116","彩晶","6550488","65973010","10.00","10.15","10.00","10.10","0.1000","2010"
"6117","迎廣","8113","122611","15.25","15.25","15.00","15.10","0.0500","35"
"6120","達運","1658867","16631893","9.80","10.15","9.80","10.05","0.3200","691"
"6128","上福","81026","2375697","29.25","29.45","29.25","29.40","0.3500","48"
"6133","金橋","5922451","147377470","25.85","25.85","24.50","24.85","-1.0500","3395"
"6136","富爾特","57985","1016081","17.50","17.60","17.45","17.55","0.1500","71"
"6139","亞翔","507542","15869091","30.80","31.45","30.80","31.35","0.5500","288"
"6141","柏承","50600","1150746","22.35","23.00","22.35","22.90","0.1500","37"
"6142","友勁","681262","6044353","8.83","9.01","8.80","8.88","0.0500","208"
"6152","百一","617439","6702504","10.75","10.95","10.75","10.90","0.2000","266"
"6153","嘉聯益","1149304","25951708","22.40","22.75","22.15","22.60","0.6500","573"
"6155","鈞寶","58475","1230535","20.80","21.25","20.80","21.25","0.5000","54"
"6164","華興","1642602","19753056","11.20","12.15","11.20","12.15","1.1000","611"
"6165","浪凡","69132","1969838","29.15","29.15","28.00","28.30","0.4000","78"
"6166","凌華","754689","44762174","57.90","61.50","57.00","58.60","2.0000","573"
"6168","宏齊","497128","9615003","19.10","19.40","19.10","19.40","0.5000","283"
"6176","瑞儀","1566976","148269943","93.80","95.00","93.70","94.60","1.6000","1656"
"6177","達麗","200658","5411193","26.90","27.10","26.90","26.95","0.1000","138"
"6183","關貿","55951","3353402","60.10","60.70","59.60","59.90","0.3000","60"
"6184","大豐電","15480","751735","48.50","48.70","48.50","48.55","0.3500","12"
"6189","豐藝","234464","9015860","38.10","38.70","38.10","38.70","0.6000","184"
"6191","精成科","1800324","53031047","29.45","29.75","29.30","29.40","0.3500","881"
"6192","巨路","73197","4948687","68.40","68.40","67.40","67.80","0.3000","73"
"6196","帆宣","367752","40707034","109.50","112.00","109.50","110.50","2.0000","335"
"6197","佳必琪","254392","9404987","37.30","37.70","36.70","36.85","0.7000","188"
"6201","亞弘電","34000","1352900","39.30","39.95","39.30","39.75","0.6000","30"
"6202","盛群","1520522","123423353","79.90","81.80","79.90","81.50","1.7000","1254"
"6205","詮欣","2495946","183318396","71.10","74.70","71.00","74.40","3.4000","1331"
"6206","飛捷","12123795","1174813135","97.80","99.00","93.90","97.30","1.8000","10079"
"6209","今國光","200107","5778114","28.45","29.00","28.45","29.00","1.0000","152"
"6213","聯茂","2914269","179840893","62.00","62.70","61.10","61.40","0.0000","2256"
"6214","精誠","127086","9133667","71.50","72.20","71.20","72.20","0.7000","130"
"6215","和椿","100146","2243770","22.20","22.50","22.20","22.40","0.3500","91"
"6216","居易","2783341","89515916","31.40","32.85","31.40","32.10","1.0500","1576"
"6224","聚鼎","131694","8498059","64.00","65.10","64.00","64.00","0.6000","135"
"6225","天瀚","122802","1095530","8.21","9.02","8.21","9.02","0.8200","35"
"6226","光鼎","2659263","36137521","13.05","13.80","13.05","13.70","0.7000","1187"
"6230","尼得科超眾","16148","1694796","105.00","105.50","104.50","104.50","-0.5000","23"
"6235","華孚","9619726","377469211","37.85","40.00","37.85","39.70","2.0500","5537"
"6239","力成","1800333","154412245","85.00","86.30","84.90","86.00","1.2000","1244"
"6243","迅杰","141483","4352884","30.20","31.15","30.20","30.90","1.0000","198"
"6251","定穎","2558494","50880837","19.60","20.10","19.60","19.90","0.7000","1141"
"6257","矽格","2340867","115616398","49.15","49.60","49.15","49.35","0.5500","1502"
"6269","台郡","1579687","146223801","93.80","94.20","91.80","91.80","-0.7000","3286"
"6271","同欣電","985868","191000575","191.00","195.00","190.50","195.00","7.5000","984"
"6277","宏正","47870","3638134","75.30","77.00","75.30","76.60","1.7000","45"
"6278","台表科","2777201","241569113","84.40","88.50","84.40","87.60","3.9000","1927"
"6281","全國電","81963","6618220","80.70","81.00","80.50","80.80","0.1000","77"
"6282","康舒","3669642","110276602","29.90","30.35","29.90","29.95","0.0500","2385"
"6283","淳安","231482","7090075","30.25","31.10","30.20","30.50","1.0500","159"
"6285","啟碁","20965392","1633919970","76.60","79.60","75.70","79.00","2.8000","12160"
"6288","聯嘉","492070","11111237","22.35","22.80","22.35","22.50","0.0500","327"
"6289","華上","74387","192087","2.52","2.70","2.52","2.54","0.0100","47"
"6405","悅城","23008","473314","20.45","20.75","20.45","20.75","0.4500","23"
"6409","旭隼","90936","131693110","1435.00","1470.00","1425.00","1460.00","55.0000","202"
"6412","群電","196778","14193189","72.80","72.80","71.60","71.90","-0.1000","262"
"6414","樺漢","3930145","901889435","222.00","234.00","222.00","232.00","11.0000","4003"
"6415","矽力*-KY","3874642","2130315018","547.00","558.00","540.00","550.00","23.0000","2553"
"6416","瑞祺電通","98500","8647519","88.50","88.50","87.20","88.30","1.6000","89"
"6426","統新","1159224","74015210","63.90","66.00","61.80","62.60","1.4000","942"
"6431","光麗-KY","23300","535892","23.20","23.20","22.75","23.20","0.0000","43"
"6438","迅得","178978","15750730","87.70","88.50","87.40","88.10","1.1000","189"
"6442","光聖","14308674","843164181","55.60","61.80","54.00","61.80","5.6000","9337"
"6443","元晶","7282586","237891034","32.40","33.10","32.30","32.95","0.9000","3836"
"6449","鈺邦","90190","3607230","40.70","40.70","39.85","39.95","-0.0500","55"
"6451","訊芯-KY","161556","11429994","69.60","72.00","69.60","71.70","2.8000","141"
"6456","GIS-KY","455087","34392578","75.40","76.00","75.10","75.80","1.2000","318"
"6464","台數科","3107","256823","83.00","83.00","82.50","82.50","0.3000","8"
"6477","安集","2607795","131660886","50.00","51.50","49.60","51.50","2.1000","1905"
"6491","晶碩","342727","139923780","398.50","417.00","398.50","405.50","5.5000","394"
"6504","南六","21344","1745079","81.60","82.00","81.50","81.70","0.3000","27"
"6505","台塑化","1537966","128104924","83.70","83.80","82.90","83.10","0.6000","1066"
"6515","穎崴","553266","222104290","396.00","407.00","395.00","403.00","13.0000","606"
"6525","捷敏-KY","316505","23187683","73.40","73.90","72.70","73.40","0.4000","298"
"6531","愛普*","2948078","572298275","194.00","196.50","192.00","193.00","1.5000","3130"
"6533","晶心科","5701680","1489040933","267.00","272.00","252.50","257.50","-4.5000","5310"
"6541","泰福-KY","1707234","82855903","47.90","49.10","47.90","48.35","1.0000","1319"
"6550","北極星藥業-KY","1804344","209300128","115.50","117.50","115.00","116.00","2.0000","1217"
"6552","易華電","42471","1654439","39.10","39.15","38.60","39.00","0.8000","37"
"6558","興能高","50038","1068170","21.35","21.50","21.20","21.35","0.4000","42"
"6573","虹揚-KY","198339","3217930","16.15","16.40","15.95","16.20","0.4500","116"
"6579","研揚","1392996","129031865","87.00","93.60","87.00","93.60","8.5000","948"
"6581","鋼聯","316052","27625733","86.20","88.50","86.20","87.20","-1.8000","281"
"6582","申豐","317222","25309653","77.00","80.60","77.00","80.00","2.2000","349"
"6585","鼎基","72100","4889105","67.50","68.30","67.10","68.20","1.0000","65"
"6591","動力-KY","46211","2105028","45.35","45.75","45.35","45.40","0.4000","66"
"6592","和潤企業","546208","56888986","103.00","105.00","103.00","104.50","2.5000","555"
"6598","ABC-KY","220758","5942182","26.10","27.35","26.10","27.35","1.2500","171"
"6605","帝寶","2665773","200143522","71.50","76.30","71.50","75.80","4.6000","1884"
"6625","必應","8000","229300","28.60","28.85","28.60","28.60","0.0500","4"
"6641","基士德-KY","10010","583092","58.00","59.20","58.00","59.20","1.2000","8"
"6655","科定","14196","1854409","133.00","133.00","130.00","131.00","1.0000","17"
"6666","羅麗芬-KY","18500","1028109","55.80","56.80","55.00","55.70","0.5000","24"
"6668","中揚光","184325","7860716","42.00","43.20","42.00","42.55","0.9500","168"
"6669","緯穎","1045238","733629220","683.00","712.00","679.00","707.00","41.0000","1158"
"6670","復盛應用","467674","87747983","184.50","189.00","184.00","188.50","5.5000","328"
"6671","三能-KY","8010","328430","41.00","41.00","41.00","41.00","0.1000","6"
"6672","騰輝電子-KY","119838","7528046","62.80","63.20","62.20","62.40","0.8000","127"
"6674","鋐寶科技","19000","498350","25.85","26.70","25.85","26.20","0.6000","18"
"6691","洋基工程","178279","28452361","160.00","162.50","159.00","159.00","-1.0000","173"
"6698","旭暉應材","33051","958178","28.55","29.20","28.55","29.20","0.6500","32"
"6706","惠特","747126","84008243","110.00","114.50","110.00","111.50","3.5000","766"
"6715","嘉基","301859","46396276","152.50","156.00","150.00","155.00","4.5000","240"
"6719","力智","1842352","533605717","287.00","294.50","285.50","291.00","7.5000","1871"
"6743","安普新","55986","2039853","35.90","36.80","35.90","36.50","0.6000","57"
"6754","匯僑設計","53053","2266039","43.30","43.30","42.50","42.70","0.5000","34"
"6756","威鋒電子","516202","118706558","229.00","233.50","227.50","228.00","0.0000","658"
"6768","志強-KY","143218","10073076","68.70","71.40","68.70","71.10","2.5000","117"
"6770","力積電","35472355","1211991673","34.15","34.45","33.85","34.20","0.4000","12929"
"6776","展碁國際","58197","2271034","38.85","39.15","38.80","39.10","0.0000","50"
"6781","AES-KY","857717","877239349","980.00","1050.00","980.00","1020.00","53.0000","1148"
"6789","采鈺","1110543","359025904","314.00","328.50","314.00","326.00","16.5000","1515"
"6790","永豐實","55619","2145714","38.40","38.65","38.40","38.60","0.2000","54"
"6792","詠業","96099","8082175","84.60","84.60","83.20","84.50","1.7000","99"
"6796","晉弘","1632557","205339812","128.50","132.50","118.00","121.00","-5.5000","1547"
"6799","來頡","99537","12161000","121.00","124.00","121.00","124.00","5.5000","98"
"6806","森崴能源","448967","35634103","77.80","80.20","77.80","80.10","2.3000","432"
"6807","峰源-KY","12000","332800","27.90","27.95","27.40","27.70","-0.0500","9"
"8011","台通","1627938","24285275","14.25","15.15","14.25","14.90","0.7500","851"
"8016","矽創","1432299","236027241","163.50","166.50","162.50","166.00","6.0000","1381"
"8021","尖點","273314","7788691","28.45","28.75","28.30","28.30","0.3000","217"
"8028","昇陽半導體","22286826","1510676986","67.80","69.20","66.60","68.00","1.3000","15117"
"8033","雷虎","351575","5772824","16.30","16.50","16.25","16.50","0.2500","213"
"8039","台虹","97299","3985367","40.85","41.10","40.85","40.95","0.2000","111"
"8046","南電","12058999","2947856739","241.00","249.00","240.00","244.00","9.5000","12856"
"8070","長華*","267627","8624453","32.00","32.40","31.90","32.25","0.5000","179"
"8072","陞泰","21054","474529","22.40","22.60","22.40","22.45","0.3500","52"
"8081","致新","278163","39093918","141.00","143.00","139.50","140.00","1.0000","300"
"8101","華冠","198038","431948","2.20","2.20","2.17","2.17","0.0000","62"
"8103","瀚荃","769587","26961806","35.00","35.30","34.80","35.20","0.0000","329"
"8104","錸寶","284676","11339714","39.30","40.15","39.25","39.85","1.2500","247"
"8105","凌巨","2675421","30913840","11.45","11.75","11.40","11.50","0.1500","937"
"8110","華東","554000","6855550","12.15","12.45","12.15","12.40","0.3500","265"
"8112","至上","1593246","58457935","36.45","36.85","36.45","36.70","0.0500","1084"
"8112A","至上甲特","31759","1324786","41.65","41.80","41.65","41.80","0.1000","30"
"8114","振樺電","9671677","1594015635","163.50","169.00","161.00","166.00","-1.0000","7481"
"8131","福懋科","257355","9785681","37.95","38.20","37.80","38.00","0.3000","218"
"8150","南茂","4755614","165659416","34.55","35.15","34.55","34.90","0.7000","3030"
"8163","達方","1644159","66027463","39.70","40.70","39.15","40.45","1.4000","978"
"8201","無敵","454012","5720450","12.55","12.85","12.45","12.50","0.0000","239"
"8210","勤誠","384476","27153801","69.50","71.30","69.40","71.00","2.5000","325"
"8213","志超","364735","13396922","36.60","36.85","36.50","36.80","0.3500","329"
"8215","明基材","965737","29063326","29.60","30.25","29.60","30.20","0.6000","623"
"8222","寶一","2658312","62049615","22.90","23.80","22.85","23.25","0.2000","1476"
"8249","菱光","43119","900057","20.90","21.00","20.80","20.85","0.2500","142"
"8261","富鼎","3553068","368879771","103.00","105.00","102.00","104.50","3.0000","2463"
"8271","宇瞻","250890","9936078","39.30","39.90","39.10","39.80","0.7000","172"
"8341","日友","90472","16397262","182.00","182.00","180.50","181.50","0.5000","306"
"8367","建新國際","31019","1054150","33.85","34.10","33.85","34.00","0.1500","28"
"8374","羅昇","86741","2763886","31.85","32.00","31.55","31.60","-0.2000","91"
"8404","百和興業-KY","143044","4061514","28.35","28.60","27.90","28.40","0.0500","72"
"8411","福貞-KY","178334","2840658","16.20","16.20","15.80","15.90","-0.2500","118"
"8422","可寧衛","66152","11346650","170.00","172.00","170.00","172.00","2.0000","165"
"8429","金麗-KY","77143","717623","9.20","9.37","9.20","9.33","0.1400","112"
"8438","昶昕","51130","1552386","31.00","31.00","29.95","30.75","0.7500","49"
"8442","威宏-KY","108002","6844322","62.30","64.50","61.60","64.00","2.7000","60"
"8443","阿瘦","83057","982323","11.65","11.90","11.65","11.90","0.2000","84"
"8454","富邦媒","577629","433226016","725.00","760.00","725.00","760.00","36.0000","1067"
"8462","柏文","8057","977714","121.00","121.50","121.00","121.50","1.0000","33"
"8463","潤泰材","355204","6960428","19.90","20.40","19.40","19.75","-0.1500","211"
"8464","億豐","1234200","352128740","275.00","287.00","275.00","286.00","14.0000","482"
"8466","美吉吉-KY","7000","308000","44.00","44.00","44.00","44.00","0.2000","6"
"8467","波力-KY","347744","21827224","60.50","64.00","60.50","62.70","2.5000","310"
"8473","山林水","33441","1002836","30.00","30.05","29.95","30.00","0.0000","46"
"8478","東哥遊艇","5451617","1100131109","198.50","205.00","197.00","203.00","8.0000","4666"
"8480","泰昇-KY","8252","547905","67.10","67.10","66.00","66.60","0.0000","12"
"8481","政伸","29039","1714424","59.10","59.30","58.70","59.30","0.2000","25"
"8482","商億-KY","8000","568600","71.20","71.20","71.00","71.00","-0.4000","8"
"8488","吉源-KY","7000","111650","15.90","16.00","15.90","16.00","0.0000","7"
"8499","鼎炫-KY","16200","1835300","112.50","114.50","112.50","114.00","1.5000","17"
"8926","台汽電","627738","23575651","37.50","37.70","37.40","37.60","0.1000","300"
"8940","新天地","179900","2618171","14.40","14.75","14.40","14.55","0.5500","123"
"8996","高力","4043388","318364480","78.10","80.20","77.00","78.70","-0.2000","2859"
"9103","美德醫療-DR","238368","1777099","7.59","7.59","7.38","7.41","0.1100","127"
"910322","康師傅-DR","15032","363132","24.05","24.25","24.05","24.25","0.5000","7"
"9105","泰金寶-DR","1750035","6244881","3.53","3.59","3.53","3.57","0.0400","480"
"910861","神州-DR","160005","1083404","6.51","6.84","6.51","6.80","0.3800","79"
"9110","越南控-DR","54000","167300","3.10","3.15","3.05","3.12","0.0300","26"
"911608","明輝-DR","372493","1107528","2.91","3.03","2.89","2.99","0.1200","86"
"911622","泰聚亨-DR","82000","417120","5.03","5.11","5.03","5.11","0.0800","13"
"911868","同方友友-DR","149000","166160","1.12","1.13","1.10","1.12","0.0100","38"
"912000","晨訊科-DR","331000","750080","2.23","2.28","2.23","2.25","0.0200","64"
"9136","巨騰-DR","340000","2269950","6.70","6.74","6.62","6.62","-0.1100","100"
"9802","鈺齊-KY","3729390","598818840","155.50","163.00","155.00","162.50","7.0000","2415"
"9902","台火","13942","146536","10.45","10.55","10.45","10.55","0.1000","32"
"9904","寶成","3764417","101056660","26.70","27.00","26.55","26.95","0.6500","1675"
"9905","大華","49001","1228276","25.00","25.10","25.00","25.05","-0.0500","43"
"9906","欣巴巴","125030","6043120","49.50","49.50","48.10","48.50","0.4000","39"
"9907","統一實","2674307","43458172","16.05","16.35","16.05","16.25","0.1000","840"
"9908","大台北","68018","2243677","32.85","33.05","32.85","33.00","0.0000","73"
"9910","豐泰","1809858","294929431","157.00","165.50","155.00","165.50","15.0000","1299"
"9911","櫻花","110911","7024846","63.40","63.60","62.50","63.40","1.0000","156"
"9912","偉聯","2098602","27453059","12.90","13.85","12.20","13.85","1.2500","940"
"9914","美利達","1314455","302086985","226.00","232.50","226.00","231.50","6.5000","944"
"9917","中保科","138137","14196688","103.00","103.00","102.00","103.00","0.0000","236"
"9918","欣天然","4155","181207","43.70","43.70","43.30","43.30","0.3000","15"
"9919","康那香","1480691","24252610","16.20","16.65","16.00","16.50","0.5000","511"
"9921","巨大","778855","193526272","248.00","254.50","246.50","248.00","8.0000","737"
"9924","福興","105336","4247857","40.30","40.70","40.25","40.40","0.2000","66"
"9925","新保","52278","2048350","39.30","39.30","39.10","39.20","0.1000","64"
"9926","新海","8010","418526","52.00","52.70","52.00","52.50","0.5000","9"
"9927","泰銘","172020","6932647","40.00","40.50","40.00","40.40","0.5000","148"
"9928","中視","107398","1697374","14.65","16.05","14.65","16.05","1.4500","87"
"9929","秋雨","124117","1094715","9.04","9.04","8.66","8.95","0.0500","45"
"9930","中聯資源","51943","2407521","46.70","46.70","46.30","46.30","0.1000","40"
"9931","欣高","7214","285943","39.55","39.85","39.55","39.85","0.3000","17"
"9933","中鼎","2531945","110029058","43.30","43.95","43.00","43.60","1.1000","1479"
"9934","成霖","332330","4025104","12.05","12.15","12.00","12.15","0.2500","126"
"9935","慶豐富","61206","1097590","17.65","18.10","17.65","17.90","0.2000","55"
"9937","全國","33008","1612938","48.90","49.00","48.60","48.85","-0.0500","19"
"9938","百和","1336090","77028014","57.00","58.90","56.80","57.00","0.3000","905"
"9939","宏全","330866","24255321","73.00","73.60","73.00","73.50","0.7000","344"
"9940","信義","588778","17666869","29.75","30.35","29.75","30.30","0.5500","230"
"9941","裕融","942754","168835051","176.50","180.50","176.50","180.00","3.5000","1074"
"9941A","裕融甲特","21089","1062985","50.40","50.50","50.40","50.50","0.1000","11"
"9942","茂順","137482","11899303","86.80","87.50","86.30","87.20","1.2000","126"
"9943","好樂迪","51624","2804575","54.10","54.70","54.00","54.50","0.4000","52"
"9944","新麗","68235","1391556","20.40","20.45","20.20","20.45","0.0500","40"
"9945","潤泰新","7955072","454558036","55.90","57.80","55.90","57.70","1.7000","5173"
"9946","三發地產","51560","665150","13.10","13.10","12.85","12.90","0.0000","41"
"9955","佳龍","4195461","89624016","21.80","21.90","21.10","21.30","-0.9000","2205"
"9958","世紀鋼","853416","84117049","98.10","99.10","97.60","98.90","1.7000","656"
